GOLM1	0.377827741
POLD4	0.442827998
PIGA	1.615203202
RGL1	0.558019062
ZNF496	-0.384958431
ITGA3	-0.095559116
RARS2	1.890263587
CABYR	0.495657047
FTH1	1.543282177
SNORA40	0.043819425
ALDH9A1	0.548717858
SERTAD1	0.015823175
ZNF385A	0.281072224
ALS2CL	1.025249084
NCEH1	0.771797224
EFTUD2	-0.111920452
C2orf47	0.728231854
KAT7	0.645213481
DPH1	0.999191949
IRF1	0.686052008
KTN1	0.006712594
ZSWIM7	0.074452762
PI4K2A	0.175946367
CAPN10	0.323845333
NBR1	0.309715463
TOR4A	-0.401698455
FXR1	0.339350517
ECHDC3	-0.114184915
EPHA2	-0.426171731
SLC25A5	0.899141018
RNF138	0.246626057
NAA30	0.686052008
BMS1P5	0.46833282
RBMX2	0.863275638
AIP	0.548717858
TPCN1	0.377827741
PATZ1	-1.038440013
PSMD7	0.911292238
MIOS	0.820693899
CD99	0.539491983
ATP6V1E1	0.521264042
MST1R	0.717558772
FUS	1.250141017
MAP4K5	-0.442827998
HMGB1	1.473988461
RPS6KA4	0.794114053
NOP56	0.401698455
IMPACT	0.45976119
GSS	0.717558772
ACOT13	0.58638021
TSNARE1	0.362242871
DANCR	0.362242871
GLTSCR1	0.706971566
OTUB1	0.267114917
PRPF4	0.025119057
SLC24A1	0.188289768
GSTT1	-0.800782658
AMMECR1	0.281072224
SOX13	0.935894296
KARS	1.11992945
TMEM33	0.246626057
SACS	-0.771797224
TAOK1	-0.253396545
SEZ6L2	0.054139761
BCL2L14	1.807660006
CERS6-AS1	1.16223463
RFWD2	0.625284104
ZZEF1	0.960902148
MUC6	1.036067293
MRPS15	0.805408665
L3MBTL3	0.45976119
TRIM23	-0.07965427
LOC100294145	1.235175449
RPSA	0.948347016
PRMT9	-0.600917066
IFI35	0.494473687
SOX8	0.064198212
SDHAP3	0.548717858
CBLC	1.353993718
BEX2	0.411451314
RFC3	0.863275638
RNPEPL1	0.260226045
SMIM3	1.051740645
THAP5	-0.020447822
PCYOX1L	-0.220127185
TIMM9	2.089796882
UTP18	0.377827741
WDR60	1.370817573
PRPF6	0.53034089
SMIM24	0.892946498
KCNJ11	0.274063521
B3GNT7	0.45976119
TCEA3	2.65544729
HJURP	1.012166756
MGRN1	0.911292238
THAP6	0.503330961
CYP2W1	0.805408665
MVP	0.935894296
NPW	0.352096452
ATP2C1	-0.002226135
TBCCD1	1.280461447
UHRF1BP1	-0.451259743
DPYSL2	0.494473687
SNHG9	0.875133612
ENG	0.117477026
SP6	0.58638021
UBE2R2	0.760773468
AFAP1-AS1	-0.011244854
LINC00963	0.645213481
MAGEB17	1.103532884
SNRNP25	0.948347016
GCLM	0.948347016
HMGCS2	2.65544729
RPS16	0.828274229
EIF3C	0.782910497
IRF2BP2	1.295819437
BAIAP2	-0.069300835
PLEKHA4	-0.385718428
UNC93B1	0.53034089
FZD7	-0.434465483
LINC00371	0.875133612
EIF4A2	0.362242871
TRADD	0.511684033
SRGAP2D	-0.354547841
ZNF585A	-0.151916593
FAAH	1.025249084
EIF3I	2.185398976
ISCU	2.04368332
AP1S3	0.558019062
TNNI3	-0.12131307
CTNNB1	0.615439684
C2orf15	0.851513651
OTX1	0.426171731
CDKN2AIPNL	0.675718296
FITM2	0.988954518
C4orf3	0.233260703
LTN1	0.043654899
ZNF83	-0.128746135
PHPT1	0.625284104
TMEM107	-0.022463717
THOC7	3.725113149
RBM14	0.485688574
PALM3	0.521264042
B3GALNT2	0.362242871
TMED7	0.084905643
SFXN5	0.615439684
SUCLA2	0.948347016
SMG9	-0.002226135
ILDR1	0.728231854
SNX14	0.362242871
ANP32A	0.749838479
SSX2IP	-0.011091567
AMACR	1.457057749
STX4	0.615439684
CCDC149	-0.353867382
ANAPC2	-0.025119057
PPIF	1.205626048
EPHX1	-0.274063521
LOC729737	0
PDHB	2.338225956
KLHL35	-0.58638021
ZFX	0.45976119
SLC35D3	1.038440013
GLOD4	1.890263587
SMC5	0.331847406
PRRG1	0.239914227
CKAP4	-0.163822822
FMNL2	0.281072224
CDKN2B	-0.451259743
PINK1	0.451259743
ACBD3	0.260226045
KIF2A	0.100961789
FAM131B	0.07965427
PRUNE	0.576849674
ARSK	-0.948347016
RPL18	0.665467739
CADM4	0.031766441
ECI1	0.548717858
CD302	1.652200557
SMC3	0.377827741
TGFBR2	1.295819437
C6orf62	-0.134459267
KRT10	0.960902148
ENDOV	0.123085488
CALHM2	-0.123085488
GCN1L1	0.134459267
S1PR2	-0.309715463
F12	0.45976119
OXSM	1.17657595
NPIPA5	0.123085488
LARP1B	-0.253396545
PXDC1	-0.26090027
MNX1-AS1	0.01560651
LRR1	0.92354302
HEPH	1.508316608
TOLLIP	0.595988334
CIT	0.317030274
RALGAPA2	0.887088443
GLUD1	0.816795124
PLA2G16	0.675718296
SLC23A2	-0.46833282
KRT81	0.039414949
NLN	0.539491983
NEMP1	0.090207163
TMEM265	1.025249084
RAN	1.390840975
BACE1	0.324407457
COQ10A	-0.460687655
UBE3B	0.675718296
P3H2-AS1	0.794114053
ISG15	-0.434465483
MCTP1	-0.161469307
KIAA0355	0.503330961
ALDH1B1	1.11992945
CDK8	0.696469539
SNORA10	0.200677692
SMARCD2	1.078675532
ABLIM3	0.434465483
ZNF552	1.473988461
SNX15	0.999191949
MORC3	-0.084905643
TRMT1L	0.675718296
TMEM255B	0.512321795
EWSR1	0.267114917
TOP2B	0.451259743
CACYBP	1.728384316
RHEB	0.92354302
DLGAP1-AS1	1.95456405
CNOT11	1.265235835
MCIDAS	-0.128746135
POLR3H	-0.521264042
GAS6	0.771797224
POLQ	1.265235835
RITA1	3.085829206
ADARB1	0.090207163
CITED1	1.475416525
NDUFB2	1.869286406
SOCS5	0.095559116
RPF1	1.674955795
AGAP5	1.148013983
ARHGAP32	0.760773468
EPDR1	1.311311427
SLC5A1	1.787538915
OSER1-AS1	0.188289768
NDUFB11	0.851513651
DUSP11	1.049810952
VKORC1	0.049183382
AKAP13	0.175946367
APC	-0.034602353
INTS1	0.512260907
SPINT2	0.246626057
METTL1	0.816795124
ACSF3	0.45976119
LMF2	0.1578427
NME1	0.548717858
CDC42EP2	0.503330961
NINJ1	0.635208497
PURA	0.362242871
ACTL6A	0.476975118
DEK	1.051740645
KDM2A	0.146044191
BCKDHA	0.302462635
EVI5	0.111920452
SNRPB2	1.11992945
GNA12	0.123085488
UCHL1	0.138487197
GTF2H2B	-0.401698455
HIST1H4H	0.324958728
MDP1	-0.117477026
ZNF490	0.317030274
FAAP100	0.111920452
SNW1	0.887088443
CHIC2	-0.117477026
CMC2	1.457057749
ANKMY2	0.288141395
ZNF506	0.675718296
NOL7	0.887088443
MSH5-SAPCD1	0.476975118
GNG10	0.044275202
METTL21B	0.253396545
SSU72	0.084905643
NUBP2	0.760773468
PTPRN2	0.839846795
SAP30BP	0.354547841
BLOC1S3	0.521264042
LAMP3	0.049183382
RALGDS	0.899141018
ZMYM6NB	0.665467739
MRPS27	0.451259743
CD47	0.084905643
DDX28	0.029837145
ARPC3	1.133912688
SPATA7	0.760773468
ZNF140	0.059144613
AGAP9	0.53034089
ZNF383	-0.039414949
OTUD6A	0.794114053
CARKD	0.260226045
HLA-DMA	0.534456935
ARL6IP4	1.407173341
TUBA1C	0.40978867
KIF3A	-0.175946367
RBM15B	0.875133612
PYCR1	-0.128746135
KIF2C	0.006712594
NUDT8	0.899141018
DNAJB11	0.863275638
TTC37	0.45976119
PHF3	0.362242871
SMIM20	1.038440013
ASAH1	0.1794853
RRM1	0.370002697
WDR76	0.220127185
TTC21B	0.1578427
SETD2	0.595988334
KRT20	0.760773468
ATXN2	0.302462635
GORASP2	0.875133612
C19orf57	0.625284104
ATRAID	1.295819437
AKR7A3	1.148013983
UBE2G2	1.012166756
RBM28	-0.074452762
FMR1	0.595988334
ZNF714	0.169857272
NDUFV1	1.16223463
OTUD1	0.260226045
IMPA2	1.525718547
POLR2J2	-0.128746135
CYP2J2	2.392001259
KIF18A	0.163822822
ELK3	-0.111920452
PEMT	0.665467739
PIGV	0.246626057
HNRNPK	0.760773468
SNORD89	0.249182377
MAP4K2	-0.503330961
PRDX4	0.385718428
WAPAL	0.182090425
TOP3B	-0.059144613
CCS	0.595988334
HILPDA	1.932897564
POLR2I	2.260301561
CEBPA	1.473988461
DDX52	0.182090425
SMYD4	-0.140225184
SH3GLB1	0.324407457
TBC1D2B	0.370002697
RNF5P1	1.440279714
CAMK2D	-0.188289768
DERL2	0.002226135
ASF1B	1.491074007
RNF114	1.457057749
PPIL2	0.686052008
OVGP1	2.954523986
DCDC2	0.749838479
CTNND1	0.163822822
HS1BP3	0.494473687
PDSS1	1.374653225
SDHC	0.986323602
STRADA	-0.117477026
FKBP2	1.869286406
FOXN3	0.331847406
ICA1	0.771797224
PAQR7	-0.503330961
PCED1B	1.578904276
PPME1	0.999191949
BLVRB	0.576849674
CHST14	-0.863275638
KBTBD7	0.07965427
RBX1	0.548717858
IQCB1	0.851513651
PDLIM5	0.696469539
RCOR2	0.011244854
ARL2	1.220337618
OXCT1	-0.339350517
IFIT2	-0.346917194
TRAIP	1.561009921
GRWD1	0.717558772
FAM57A	1.695159038
FTSJ3	0.346917194
DNASE1L1	0.309715463
WDR36	0.054139761
HDAC4	0.738991517
PXMP4	0.331847406
LRFN3	-0.342485637
ZNF133	-0.213646504
ERMP1	0.58638021
SSFA2	0.151916593
EIF6	0.92354302
DSCC1	0.10641547
PKP1	0.4068841
CUTA	0.1578427
MPV17L	1.295819437
SMURF2	-0.188289768
MAPK9	0.134459267
TSTD2	0.717558772
TNRC6A	0.339350517
EIF3B	0.558019062
RBM5	0.760773468
CASP4	-0.024772207
PRPF39	0.002226135
RNPS1	0.935894296
WWC1	0.288141395
TBC1D13	0.288141395
TRIM65	0.317030274
EEA1	1.038440013
ZNF268	0.126891692
YTHDF1	0.451259743
SHH	0.709485072
PRRC2B	-0.064198212
UCK1	0.095559116
WNK1	0.10641547
CEMIP	1.038440013
HSPA8	0.40978867
GNB1	0.084905643
CSRNP1	0.220127185
SEC13	2.137015815
COMMD2	0.034602353
PTPRS	0.020166629
FLNB	0.226665137
LOC730183	0.88693905
ING4	0.059144613
KLHDC3	0.385718428
SOHLH2	0.663058202
C11orf71	0.58638021
HMGXB3	0.288141395
SNX12	0.948347016
SUSD1	0.146044191
ENTPD8	1.232992699
VWA9	0.260226045
AIMP1	0.163822822
B4GALT3	0.717558772
NOMO2	0.728231854
NCDN	-0.393675188
NXF1	0.558019062
FIBP	0.539491983
DTWD1	0.451259743
GGA3	0.309715463
CRY1	-0.117477026
KLHL20	0.615439684
PLCG2	-0.331847406
AHI1	0.576849674
RNF149	0.267114917
SPEN	0.111920452
MUC12	0.986323602
NDUFB5	1.038440013
BBS4	-0.034602353
RUFY3	-0.948347016
RRP7BP	0.128746135
LOC653653	0.233260703
GMPS	0.675718296
TAZ	0.782910497
MIA3	-0.015823175
SPIRE1	0.090207163
TRMU	0.020447822
TMEM14B	0.426171731
IL17RA	0.111920452
FAR2	1.133912688
TP53	0.151916593
KDELC2	0.253396545
PARP14	-0.044275202
GGCX	0.10641547
SLC25A43	0.665467739
TPPP	0.417946278
NFIL3	1.390840975
KIAA0930	0.816795124
RAB4A	1.065152103
PEPD	1.374653225
FAM13B	0.002226135
TRAPPC8	0.46833282
PPP1R26	0.025119057
MRPL3	0.899141018
LOH12CR1	1.652200557
CCNYL1	0.417946278
RPSAP58	-0.111920452
EMB	0.492441635
ZNF689	0.213816324
WDTC1	0.696469539
PRKCD	1.311311427
CHCHD1	1.578904276
ILVBL	0.986323602
RAB27A	0.393675188
GOLGA3	0.665467739
MAP6D1	-0.516199153
SRSF8	1.025249084
MTFR1L	0.302462635
ZCCHC7	0.911292238
MTMR14	1.295819437
KATNBL1	-0.134459267
H2AFV	0.738991517
DR1	0.476975118
CRABP2	-1.295819437
ERLIN2	0.512260907
EDN1	0.53034089
HPS1	1.235175449
CEP78	-0.002226135
CTC1	-0.288141395
PRRC2C	0.655299683
DDX20	0.476975118
C15orf61	1.106063001
HRSP12	0.521264042
CHP2	2.96656285
GOSR2	0.451259743
CHEK2	0.393675188
WDR19	-0.140225184
LCK	0.856333764
CRYBB2P1	0.029837145
FOXQ1	0.239914227
DCTPP1	1.423652259
CAPZA1	0.760773468
CDC20	-0.011244854
MLPH	0.239873857
ATP11A	0.426171731
SMARCA2	0.281072224
RP2	0.029837145
TNFAIP8	0.400915555
LNX1	0.635208497
TNNC1	1.17657595
PIM1	0.615439684
CABIN1	1.065152103
MATR3	0.169857272
PAX8	0.309715463
ALCAM	0.100961789
UBE2L3	1.374653225
MALSU1	1.911465726
ARHGAP5-AS1	1.056730883
NAIP	0.194544719
PSMC3	0.696469539
TMEM218	0.236565411
TMC7	0.100961789
C9orf72	0.084905643
AAK1	-0.226665137
GADD45G	0.851513651
FILIP1L	0.635208497
ASB3	0.200855605
NPLOC4	0.011244854
CDCA7L	-0.567396147
SMAGP	1.133912688
KBTBD2	0.385718428
PLEKHB2	0.011244854
RC3H2	-0.095559116
ALDH1L1	-0.094281582
IDH2	1.843053158
KLHL23	0.706971566
SLC9A8	0.521264042
PTP4A2	1.17657595
AGAP4	0.239914227
MAX	1.543282177
CCDC142	0.370002697
SH3YL1	0.875133612
CCDC59	1.440279714
ZDHHC5	0.655299683
ARL17A	-0.117477026
TMEM238	2.039450486
ZNF696	0.020447822
ORC1	1.038440013
MYL6B	-0.07965427
EEF2K	0.595988334
FOXM1	0.655299683
DKK4	1.280324523
MAPK14	0.605674627
PYCR2	0.295271406
RELL2	0.194544719
MECR	0.40978867
RECQL4	0.034602353
APOBEC3B	0.655299683
SNORA67	-0.712757221
ZNF445	0.1578427
XKR8	-0.267114917
POM121	0.53034089
MCF2L-AS1	0.863275638
FANCA	0.426171731
CLDN23	0.803229016
NCOA3	0.354547841
TGFB2	-0.095559116
NUCB2	0.049183382
LHFPL2	0.442827998
EXO1	0.675718296
ORC5	1.065152103
CYP27A1	1.025249084
TTC7A	0.370002697
RYK	0.069300835
PITPNA-AS1	2.624196329
HEXDC	0.863275638
AAAS	2.786470228
PTOV1-AS2	0.10641547
CEBPB	0.331847406
ETV5	-0.253396545
RNF215	-0.973560676
RNF44	1.250141017
RPIA	0.986323602
HIST2H2AA4	0.302462635
VIPR1	1.265235835
TRIM34	0.58638021
CEP72	0.476975118
MRPS26	0.494473687
TMEM87A	0.346917194
IQCH-AS1	0.362242871
RGS2	-0.281072224
PCYT2	0.655299683
GTF2F2	0.58638021
IWS1	0.417946278
MDC1	0.451259743
PIGQ	0.207222756
ABCA3	-0.686052008
RELA	0.706971566
PKD1	0.074452762
GEMIN6	1.374653225
ABHD12	0.58638021
PRSS23	0.476975118
RRP9	0.771797224
LOC101927374	0.288141395
SPA17	2.089796882
EFCAB14	0.706971566
SYBU	1.767621741
SOX2	1.046408813
CMTR2	0.233260703
TMEM161B	0.128746135
ANKRD11	-0.182090425
OSTF1	1.078675532
EXO5	0.503330961
MBP	0.295271406
LRPPRC	0.986323602
UCK2	0.728231854
AHDC1	0.095559116
DHODH	0.655299683
RWDD1	2.856069611
USP42	0.738991517
SPATS2	0.738991517
SNX16	0.595988334
SLC37A1	0.385718428
ARPC4	1.767621741
PLK3	-0.1440885
VIM	0.151916593
DNASE1	0.717558772
ERC1	0.40978867
ARFGEF3	1.265235835
PAQR8	0.728231854
IL13RA2	0.374480444
USO1	-0.006712594
BOLA2	2.475664498
USP33	0.188289768
SNX2	0.123085488
LDLRAD3	1.250141017
AK6	1.423652259
ADAM10	-0.069300835
CES2	2.137015815
ELK4	0.220127185
SLC25A4	-0.207222756
SHROOM3	0.151916593
SURF6	0.655299683
SPATC1L	-0.413067132
POLDIP2	1.374653225
MTR	0.226665137
TMEM201	-0.034602353
PGS1	0.220127185
PMS2P4	0.567396147
FEZF1-AS1	-0.078517848
KIF20B	1.17657595
ZNF22	0.384958431
DST	0.738991517
PAPD5	0.151916593
ZFYVE16	0.064198212
TARS2	0.911292238
SMEK2	1.092312101
WTAP	0.851513651
CENPN	1.191039296
MAD2L1BP	0.948347016
TMEM120B	-0.128746135
ZNF674-AS1	1.358608208
CBFA2T2	0.706971566
CDKN1A	0.595988334
RPS10P7	0.417946278
ZRANB1	0.434465483
FRYL	0.362242871
VAV2	0.317030274
API5	0.354547841
ABHD12B	0.213816324
MDH2	2.392001259
URB1-AS1	0.635208497
PSMA3	1.311311427
PTGES2	0.738991517
RNF214	0.339350517
HSPB1	0.128746135
FBXW5	0.749838479
LOC100129034	1.543282177
NDFIP1	0.548717858
IFIH1	0.034602353
HOMER2	0.095559116
KLK7	0.385718428
COMMD4	0.485688574
FAM134B	1.106063001
SLC6A20	0.839846795
FAM83H	0.339350517
SLC39A1	0.169857272
SDHD	1.596967817
RAP2C	0.288141395
SLC29A3	0.887088443
HULC	0.494863373
PEX7	0.521264042
PIGF	1.652200557
C6orf15	0.745194166
ORMDL1	0.40978867
LRRC49	0.377827741
CDK20	-0.730179227
APMAP	0.521264042
ZNF814	-0.117477026
LRRC23	-0.095559116
LYSMD4	0.567181351
MRPL12	0.875133612
NPAT	0.015823175
CNP	0.728231854
PPP2R5B	-0.151916593
PDGFB	-0.233260703
MRPS28	1.250141017
HCFC1R1	0.595988334
BUB1B	0.100961789
MANEAL	-0.020447822
C2orf70	1.135028683
DDX17	0.302462635
ADNP2	-0.302462635
NPEPL1	0.370002697
CLCN7	0.309715463
RHOU	0.899141018
C21orf58	0.935894296
SSR2	0.567396147
HSPA13	-1.106063001
ANKZF1	0.935894296
ADD1	0.069300835
WFDC2	0.12447176
FAM103A1	0.233260703
FAM89B	0.625284104
DCAF5	-0.246626057
HARBI1	0.463289928
WASH7P	0.760773468
ADCK5	1.078675532
SUMF2	0.309715463
TINAGL1	0.426171731
PPIH	2.311897877
PTPRG	-0.002226135
FAM173B	1.439836624
RSL24D1	0.346917194
FA2H	0.548717858
CUL5	-0.090207163
LINC00938	0.838394204
SLC7A5	-0.45976119
OIP5-AS1	1.295819437
WDR73	0.239914227
STAG3L2	1.265235835
PSMB5	0.451259743
TOMM40	1.191039296
SUPT16H	0.169857272
CCNC	0.220127185
SLC39A8	1.038440013
DPH3P1	0.175946367
ESD	0.339350517
TRMT10B	0.339350517
LINC00847	0.207222756
TMSB10	1.311311427
PIGU	0.738991517
LCOR	0.717558772
IPO11	-0.1578427
YIPF5	0.317030274
CNOT1	0.175946367
TNFRSF14	0.213646504
UNKL	-0.059144613
B3GLCT	0.084905643
LIPG	0.797459057
ARL3	0.875133612
SLC39A9	0.625284104
SNHG8	-0.200855605
RBM12B	0.034602353
WDR83	0.58638021
AURKAIP1	0.675718296
UPK2	0.337308216
SNORD35B	-0.054957466
ATP5SL	0.887088443
PCGF2	-0.40978867
CCDC68	0.309715463
U2SURP	-0.002226135
PLEKHA2	0.539491983
ADI1	0.362242871
ZNF576	1.205626048
EPC1	0.200855605
PHC3	0.53034089
AIM1L	0.576849674
RILP	1.976470347
C4orf29	0.054139761
NLRP2	0.782163153
SUPT4H1	0.049183382
CMC4	0.899141018
EPT1	0.339350517
POPDC3	-0.011131968
RPL11	1.561009921
OAS1	1.295819437
C22orf39	0.40978867
UST	-0.503330961
TYSND1	1.078675532
BABAM1	1.148013983
IFI16	-0.036623459
CLIP1	0.267114917
KDM6B	0.548717858
FRMD3	-0.115786173
ZNF300	-0.378415396
METRNL	0.53034089
TMA7	2.563306287
AGBL5	0.025119057
ATP2B1	0.006712594
KIF13B	0.645213481
DPP3	0.875133612
BFSP1	0.217022628
STX18	3.413832665
EIF2S2	0.521264042
TSPAN13	0.794114053
UBR5	0.246626057
PAQR6	-0.134459267
PTMA	1.457057749
HARS2	0.863275638
PSIP1	-0.011244854
KLC4	0.839846795
AKIRIN1	0.175946367
PSMD1	1.16223463
ANKRD16	0.53034089
MSANTD4	-0.054139761
TMEM70	0.485001028
MRPS14	0.887088443
KIF21A	0.151916593
TRPV1	-0.054139761
RHOBTB2	0.331847406
RNF7	0.675718296
TOMM7	1.578904276
DECR1	0.426171731
ACOT7	0.370002697
FZD2	-1.235175449
FRA10AC1	0.738991517
MMAB	1.025249084
FAM134C	0.059144613
MRPL13	0.302462635
FAM83H-AS1	1.012166756
MCUR1	0.935894296
HSH2D	0.324407457
PINX1	1.473988461
PKIB	0.935894296
NUDT14	0.828274229
SLC3A2	-0.576849674
MOB4	0.100961789
PTGS2	-0.306302387
PSMG1	2.113264639
PISD	-0.117477026
NMRK1	0.605674627
SPAG4	0.029423532
ZDHHC21	0.158514364
NEDD1	0.302462635
RCOR3	0.169857272
FAM114A1	-0.074452762
UBC	0.686052008
RINT1	0.686052008
STT3A	0.213646504
TNFAIP8L1	0.521264042
TMEM104	0.128746135
YEATS4	0.260226045
RBBP4	0.385718428
EXOC3-AS1	0.553034641
KLC1	-0.049183382
CFL2	-0.665467739
MPPE1	0.069300835
GTF2E2	0.675718296
BBS10	0.049183382
ZNF652	0.370002697
HYPK	1.457057749
TRIM5	0.059144613
DENND2D	1.390840975
LTB4R	0.267114917
JMJD7	0.706971566
FAM25A	-0.042419068
WBSCR27	0.025119057
MRPS5	2.235011688
MRPS18C	0.354547841
ZNHIT6	0.696469539
PDE6A	0.576849674
SNRPA1	1.407173341
SNUPN	0.567396147
CLEC11A	0.123085488
CHDH	3.127907707
CNTD2	0.01560651
FAM86B3P	1.191039296
C1QTNF1	0.521264042
RHOG	0.794114053
ELAC2	-0.146044191
ZNF275	0.512260907
LINC00857	0.717558772
ARF3	2.04368332
CEBPA-AS1	1.76765354
KLHL9	0.267114917
PARD6B	0.163822822
ZNFX1	0.805408665
TSPO	0.128746135
HUS1	1.473988461
FBL	2.235011688
LACTB2	0.605674627
BLOC1S5	0.46833282
NOD1	0.999191949
STXBP6	0.655299683
MED12	0.706971566
YBX3	0.213646504
TRIP10	-0.039414949
NOMO1	0.054139761
C20orf96	0.034602353
ZNF23	0.401698455
SERPINB9	-0.064198212
GTF2E1	0.46833282
SYTL4	0.054139761
PLA2G2A	1.869286406
DOPEY1	0.655299683
RPL12	1.652200557
PRKDC	0.10641547
ROCK2	0.476975118
LINC01003	0.243197106
DGKA	1.092312101
PIP5K1C	0.370002697
MSX1	0.253396545
MPHOSPH9	0.494473687
FIS1	0.794114053
MRPL49	0.973560676
HOMER3	-0.706971566
DTD1	0.986323602
OVOL2	0.828274229
RAB3IP	0.948347016
PIK3C3	-0.084905643
NCAPG	0.253396545
KRT7	-0.006621516
STK38L	1.407173341
C5orf22	0.92354302
TXNDC11	0.339350517
CALB2	-0.666366732
WDR77	1.16223463
EMC1	-1.423652259
KIAA1279	0.317030274
RAD23A	1.491074007
HEXA	-0.686052008
MAN1A1	0.362242871
SGTB	-0.377827741
RXFP4	1.512828621
STEAP2	-0.07965427
BCAP31	0.675718296
LINC01347	0.175946367
CAMK1	0.006712594
C7orf49	0.163822822
SKAP1	0.539071145
CAPZB	1.220337618
CWF19L2	0.049183382
SRSF2	0.45976119
DCAF10	0.851513651
HADHA	0.973560676
EHBP1	-0.117477026
PARP4	0.426171731
RAVER1	1.466452805
ACAA1	1.220337618
NUP35	1.078675532
LBHD1	-0.717558772
ZNF544	-0.281072224
PCNXL3	0.274063521
HAX1	0.521264042
STAP2	0.169857272
SUV420H2	0.58638021
BRD4	0.188289768
RFNG	-0.309715463
PLEKHA5	0.417946278
STK4	0.253396545
TTC31	0.317030274
KPNA1	0.324407457
RAB11FIP2	0.175946367
MLLT1	0.539491983
GOLGA6L9	0.370002697
TXN2	1.423652259
C12orf76	-0.006712594
MED17	0.084905643
SLC12A6	0.059144613
SMARCD3	-0.267114917
FAM214A	-0.111920452
OFD1	1.250141017
PIK3R1	1.065152103
NPM3	0.020447822
GSDMB	1.407173341
AGAP3	0.485688574
AHCY	0.986323602
RAP2A	0.58638021
KATNA1	1.390840975
RAB11A	0.385718428
FOXRED1	0.863275638
LINC01160	0.851513651
ADAM1A	0.031766441
SSR1	0.625284104
DCUN1D3	1.078675532
PITX1	0.451259743
LINC00504	0.317030274
MOSPD1	0.249888228
ZMYM4	-0.069300835
SDCBP	0.054139761
BSG	1.342704089
CAPN7	0.213646504
ANKRD28	0.728231854
SHOC2	0.200855605
DKFZP586I1420	0.281072224
ORMDL2	0.863275638
WDR89	1.05831587
METTL4	-0.055889628
SPATA2	0.999191949
CPNE3	0.539491983
CLDN4	0.605674627
ZNF16	-0.260226045
COIL	0.999191949
CLU	-0.054139761
MTURN	0.151916593
CYTH2	0.220127185
ALG10	0
RAPGEF6	0.451259743
PDZD3	1.06528179
APEX1	0.194544719
C5orf63	0.696469539
SMARCAD1	-0.182090425
NUDT12	1.133912688
COQ4	0.986323602
LSM6	1.976470347
DCTN3	0.45976119
MFAP3	0.090207163
MTHFD1L	0.749838479
PGD	0.393675188
KIAA0922	-0.163822822
ATG4B	0.442827998
ARPC5L	0.655299683
TCHP	1.767621741
AATK	0.875133612
CDC42	-0.054139761
RLF	-0.246626057
HELZ	0.111920452
AKR1B1	0.782910497
CALCOCO1	0.188289768
NAV2	0.442827998
RNF40	0.728231854
MRPL20	1.543282177
H1F0	0.782910497
SMPD4	0.354547841
C10orf54	0.331847406
FAM64A	-0.426171731
IGF2	0.576849674
TFAP4	1.932897564
TPP1	0.494473687
MSMP	0.182090425
MRPS31	0.485688574
AP4B1	0.539491983
GPRC5C	0.839846795
KIAA1217	0.839846795
NOTCH2	-0.175946367
BRD2	0.494473687
XKR9	0.074452762
THAP4	0.982347356
TMEM138	0.377827741
PHF7	1.821203433
TCP1	1.390840975
JOSD1	0.539491983
ELMSAN1	-0.069300835
SLCO1B3	-0.015823175
TONSL	0.175946367
TLDC1	0.213646504
HERC2P7	-0.728231854
ADCK1	1.848529634
C1orf115	0.253396545
INTS7	0.576849674
LRRC37B	0.100961789
PTGES	0.665467739
SMIM11	1.374653225
EXOC7	-0.134459267
RPS6KB2	0.253396545
PDLIM2	0.134459267
EXOSC1	0.605674627
PRR5	1.17657595
KATNB1	0.233271715
MESDC1	0.58638021
SLC16A1	0.512260907
FBXL6	0.362242871
FBXO10	-0.011244854
MRPL45	0.163822822
LZTS3	0.274063521
NLGN2	-0.803229016
ATG13	0.151916593
SKA3	1.078675532
SKIV2L	0.233260703
RPL38	1.787538915
NLRX1	-0.346917194
MRPS31P5	0.728231854
ISCA1	1.092312101
ARL1	1.709056982
SKIL	0.288141395
FTO	0.220127185
RNF167	2.113264639
RBM25	1.280461447
SON	0.006712594
ELMOD3	0.962706747
CCNB1	0.339350517
TRIM15	1.358608208
TBC1D14	0.274063521
DHRS12	0.558019062
CHKB-CPT1B	0.011244854
ARHGAP1	0.645213481
TM2D2	0.558019062
PHC2	0.128746135
PKP2	0.875133612
NDUFA4	1.473988461
MIR1248	-0.591173196
DNM1P41	1.728384316
HNRNPUL2	0.999191949
TGIF2	-0.074452762
MSTO1	0.253396545
PGAM5	0.863275638
MACROD1	1.326939076
BROX	0.220127185
DHX34	0.151916593
CTSV	-0.020447822
STARD4	0.226665137
CPSF1	0.049183382
FAM214B	0.260226045
MBD3	0.354547841
ARMC8	0.331847406
ZNF32	-0.45976119
ATP6V0E2	-0.309715463
AKIRIN2	1.11992945
DNAL1	0.295271406
HOXA11-AS	1.767621741
NAT14	-0.385718428
BHLHE41	-0.095559116
PDCD5	3.21619859
SFN	1.065152103
SF3A3	0.875133612
S100A14	0.442827998
KAT6B	0.246626057
EXPH5	0.828274229
TEN1	0.948347016
COMMD9	0.476975118
DENND6A	0.207222756
RDH11	0.288141395
UCP2	0.163822822
C2orf69	0.485688574
GAL3ST2	1.422318237
WDR20	0.863275638
BTRC	0.281072224
NOP16	1.191039296
EREG	0.049183382
CAMK2N2	-0.176448312
DNAAF3	-0.451259743
EFCAB2	0.267114917
UNC119	0.451259743
GIPC1	0.706971566
STAT5B	0.370002697
SIK3	1.065152103
PEX14	0.53034089
UGT1A10	0.494473687
SELK	1.525718547
GEMIN7	0.567396147
PDZD8	1.869286406
TRIM13	0.521264042
RBSN	0.054139761
RASL10B	-0.451745532
GSTO1	0.111920452
TFB1M	1.807660006
VAT1	-0.163822822
TAF1A	0.140225184
ZNF384	1.025249084
RAD51L3-RFFL	0.128746135
COG8	0.288141395
METTL5	2.820896593
GPN1	0.417946278
TBP	0.53034089
CREBL2	0.665467739
USP54	0.887088443
LEF1	0.342485637
PIF1	0.111920452
ZNF621	0.095559116
CCDC28A	0.213646504
TOR3A	1.17657595
HDDC3	1.407173341
ARHGEF1	0.1578427
PITRM1	0.760773468
LIN52	1.280461447
FAHD2B	-0.253396545
CLDN1	0.816795124
HSD17B11	0.288141395
GOLT1A	0.875133612
BTAF1	0.006712594
KLHL26	0.274063521
C6orf1	0.40978867
FAM160B2	0.267114917
SNX21	-0.025119057
GPR89B	0.002226135
LRCH3	0.426171731
COA1	0.794114053
HERPUD2	0.182090425
DNAJC8	0.362242871
MLYCD	0.539491983
KAT5	1.326939076
ABAT	-0.034602353
CEBPZ	0.377827741
PRDX6	0.46833282
MAMDC4	-0.064198212
MSI2	1.491074007
HEXIM1	-0.10641547
SPCS1	4.621511984
CTSB	0.377827741
SLC30A7	0.281072224
NRN1	0.013355541
TSTA3	0.45976119
PTRH2	0.539491983
C17orf97	0.176448312
KRT16	0.034602353
ASCC2	0.686052008
WDFY1	0.385718428
GNA13	0.124095893
RBBP8	0.146044191
FBXL17	0.645213481
TSIX	0.851513651
ALOX5	0.451259743
SNX24	-1.11992945
HABP4	-0.069300835
MED8	0.521264042
SCX	0.862367463
MYEF2	0.828274229
TBX2	0.081256607
SLC9A6	0.717558772
UBE2K	0.006712594
DMTF1	0.029837145
NDUFA8	2.04368332
RABL2A	0.635208497
SPNS1	0.163822822
MYSM1	0.182727865
NAGA	0.194544719
HOMER1	0.044275202
TXNIP	1.078675532
INPP5K	0.188289768
WNT11	0.494473687
ARL5A	0.417946278
C11orf31	0.771797224
CD276	0.163822822
MFAP2	0.90667003
NBPF15	0.324407457
MED7	0.805408665
LINC01128	0.539491983
FSTL3	0.539491983
DPH3	1.16223463
CALB1	0.521264042
STX2	0.1578427
LRRN3	0.370905604
ZNRF1	1.051740645
FAM120B	1.807660006
ATP2C2	0.615439684
ADD3	0.816795124
MGAM2	0.960902148
EPS8L1	0.417946278
RAB12	-0.175946367
PCGF3	0.239914227
HIST1H2BD	0.451259743
CCT4	0.567396147
DARS-AS1	0.58638021
MAN2A1	0.645213481
UBLCP1	0.960902148
C15orf38-AP3S2	0.385718428
SLC35D2	0.635208497
TEAD1	-0.020447822
LRP5	0.45976119
GM2A	0.605674627
ALDOC	0.728231854
FLII	0.434465483
HAUS1	0.446257221
CBLL1	0.973560676
TIMP2	-0.182090425
SIAH2	0.851513651
NR1H3	0.401698455
EFCAB11	2.210047276
DLG1	0.385718428
ING1	0.696469539
COPZ1	1.670968287
ICK	0.911292238
FBXO44	-0.558019062
NSMF	0.309715463
SKP2	0.686052008
OSR2	1.025249084
CDC6	0.58638021
FAM102B	0.558019062
LARS2	0.665467739
SOD3	1.548827457
TRMT61A	0.417946278
DIP2B	0.605674627
ZNF92	0.911292238
SP110	0.408998965
HEIH	0.512260907
ARF4	0.828274229
TES	1.092312101
MYO1C	0.134459267
UBXN2A	0.92354302
NUP62CL	0.226665137
PDIA4	0.485688574
XRCC5	1.078675532
CASP10	0.40978867
MTDH	-0.034602353
FNIP2	0.887088443
CACHD1	0.451259743
PIAS2	-0.948347016
TJP1	-0.07965427
TMEM167A	0.281072224
RAB2B	0.226665137
CARD8	-0.346917194
ACTR10	0.169857272
RBM33	0.738991517
CIRH1A	0.960902148
DROSHA	1.16223463
TBCC	0.207222756
GUCD1	1.390840975
PLD6	-0.567396147
HERC2P2	0.635208497
RABIF	1.440279714
ACTR1A	0.539491983
ZNF579	-0.020447822
DCBLD1	0.059144613
SHKBP1	0.207222756
NUP160	0.442827998
PHF19	1.11992945
MAP3K1	0.084905643
AIM1	1.508316608
TMX2	1.543282177
BAG5	1.525718547
CARHSP1	0.782910497
CALR	0.839846795
TMEM52	0.354547841
SELT	0.434465483
ALAD	0.46833282
ARAF	0.948347016
NOMO3	0.260226045
KPNB1	0.117477026
KEAP1	0.635208497
FAM21A	0.485688574
ZNF397	0.426171731
KIAA1919	0.346917194
LIG1	0.207222756
MT1F	0.362242871
GORASP1	1.440279714
ABCA2	0.302462635
GRPEL2	0.239914227
SFR1	0.948347016
SFXN3	0.45976119
RHBDF1	0.054139761
TMEM183A	1.025249084
RAD51D	-0.442827998
NMB	-0.229992715
DDC	1.440279714
RPP40	0.339350517
GCH1	1.747904744
TWF1	0.828274229
SMDT1	0.92354302
ROMO1	1.390840975
ARCN1	0.123085488
TMEM41B	-0.049183382
PPP6R3	0.188289768
WDR48	0.794114053
FXYD3	1.670968287
VPS51	1.11992945
FAM136A	0.58638021
IP6K2	1.205626048
SBF2	0.385718428
PAM	0.354547841
TYMP	-0.100961789
TAF9	1.038440013
ZNF271P	0.717558772
C9orf3	0.696469539
EPHA10	1.374653225
DSP	1.342704089
GNS	0.317030274
CTU1	0.295271406
MAPK1	0.426171731
ZNF598	0.760773468
FAM200A	0.655299683
USP18	-0.960902148
MPV17L2	0.863275638
MRPL23	1.025249084
ESRP2	0.999191949
CENPL	0.635208497
PLXNA3	0.090207163
C6orf48	0.226665137
OSMR	0.45976119
CCDC134	-0.194544719
MYOM3	0.595988334
ZNF28	0.015823175
AKT1S1	0.253396545
BZW2	1.092312101
NOTCH1	1.342704089
PEX11B	0.805408665
METTL7A	0.986323602
TMTC3	-0.295271406
LINC01000	0.362242871
RBM6	4.090992198
SCP2	0.46833282
CLTB	1.326939076
LYN	1.407173341
ELP4	0.625284104
ERLEC1	0.169857272
RHOC	1.295819437
ATG101	1.311311427
SET	0.665467739
HUWE1	0.100961789
CLPTM1	0.539491983
AKAP9	0.40978867
WDR3	1.051740645
VTN	0.583007009
EIF1	0.339350517
SP3	0.476975118
LYRM4	0.973560676
ARSE	1.113271173
STEAP3	1.295819437
ZNF8	0.029837145
C8orf33	0.839846795
EPAS1	0.539491983
TOMM34	0.794114053
PDCD2	2.235011688
STX10	1.092312101
TFAP2C	0.041253896
SPTBN1	1.543282177
DNAJB9	-0.161469307
TEFM	-0.317030274
CTH	0.539491983
KIFC1	0.635208497
MKRN2	0.92354302
ARHGEF10L	1.326939076
ATP6V1F	0.973560676
HPRT1	0.728231854
PELO	-0.128746135
HIST2H2BC	0.521264042
MPP3	-0.260226045
SPRY4	0.246626057
CNNM2	-0.207222756
SNORA61	-0.500585498
POP7	1.191039296
LEPROTL1	-0.084905643
KIAA0368	0.044275202
EXTL3-AS1	0.45976119
SHC1	0.044275202
BMS1P20	0.625284104
DVL3	0.686052008
BGN	0.12131307
RPS4Y1	0.160173715
NEURL1B	1.615203202
SUZ12	-0.260226045
ABCB6	0.331847406
CCRL2	0.92354302
EIF3L	0.034602353
CSNK1D	0.246626057
FTL	0.10641547
EIF5A2	0.485688574
STAG3L4	0.111920452
DDX46	0.377827741
DBP	0.029837145
TMEM168	1.078675532
CDC42EP5	0.851513651
DMC1	0.875133612
HDHD3	1.11992945
LY6G6D	2.248910706
CDKN3	2.624196329
BMP4	1.092312101
CCNL2	-0.1578427
CELSR2	0.175946367
MSRB2	0.828274229
P2RX5	-0.013343409
BRCA1	0.385718428
TBC1D25	-0.034602353
CPT1B	0.034602353
SDR42E1	0.041253896
ZBTB7A	1.051740645
IGSF9	1.191039296
PNMA1	-0.512260907
ULK3	0.163822822
LRRC37A3	0.960902148
AIDA	0.494473687
USH1C	1.932897564
C12orf73	1.106086917
BMP8B	0.324407457
IPO8	0.476975118
TPR	1.012166756
INIP	1.205626048
PLEKHM1P	0.782910497
SNORD83A	-0.604730182
CREBZF	0.45976119
CABP1	0.935894296
PTPDC1	0.095559116
KCNN4	1.440279714
CCDC106	-0.1440885
C2CD4A	1.702087928
JMJD8	1.078675532
HDDC2	1.508316608
ZBTB25	-0.049183382
KCTD6	1.133912688
TGFBI	1.767621741
NOP9	1.342704089
CLUAP1	0.58638021
FRAS1	-1.689919385
PLEKHM2	-0.049183382
THTPA	-0.022463717
FDX1L	0.354547841
ANO1	0.288141395
DONSON	-0.07965427
PPM1M	-0.163822822
SNTA1	0.044275202
PMPCB	1.065152103
COL4A3BP	-0.020447822
EOGT	0.011244854
CD24	1.728384316
TRAF6	0.760773468
MED10	0.226665137
PRR7	0.246626057
RPL29P2	1.652200557
CKS1B	1.092312101
ZDHHC3	1.407173341
DNAJB1	1.133912688
CCDC127	0.749838479
PLEKHG3	0.655299683
MRPL22	0.851513651
CUTC	0.188289768
NCF2	1.106063001
NCOA1	0.512260907
TRAK2	0.686052008
ZNF787	1.092312101
DNTTIP1	0.851513651
FAM98C	0.625284104
FAM220A	0.309715463
GTF2H3	0.595988334
PGBD2	0.099512426
SOCS2	0.039414949
SHPRH	0.069300835
ABL2	-0.006712594
INO80C	1.890263587
PTPN1	0.006712594
XPO7	-0.253396545
CXorf40A	1.265235835
SENP2	0.207222756
MPHOSPH10	2.137015815
SAMHD1	-0.117477026
KLK10	0.175946367
SCARNA17	0.615439684
PFKFB4	0.339350517
AACS	0.828274229
LOC101926889	0.442827998
ANK3	0.45976119
TMED3	0.385718428
APPBP2	0.064198212
ETAA1	0.151916593
FTSJ1	1.440279714
FXN	0.935894296
TOMM6	1.827988899
C6orf141	0.1578427
TBC1D30	0.200855605
ALKBH6	0.025119057
BRICD5	0.385718428
TMEM56	-0.200855605
RANGAP1	-0.111920452
TIMM23B	0
RSAD1	0.117477026
AGR2	1.17657595
RFXAP	0.07965427
TRIM68	0.92354302
ICOSLG	2.311897877
PACSIN2	0.226665137
CASP8	0.324407457
FIBCD1	1.358608208
LINC00657	0.576849674
DCLRE1B	2.113264639
DDX60L	-0.595988334
PCNX	-0.006712594
FAM110C	0.899141018
P4HA1	0.385718428
NBPF8	-0.029837145
ADAT3	0.947452325
DAPK1	-0.686052008
RPS14	1.065152103
TEX2	0.706971566
NOL4L	1.407173341
QPRT	0.426171731
ARFGAP1	0.084905643
MLH1	0.805408665
ABHD11	1.250141017
SH3RF1	-0.044275202
PLBD2	-0.044275202
EIF4E2	1.827988899
HIST2H2AA3	0.302462635
VDAC3	0.973560676
MRFAP1	0.288141395
ZCRB1	1.767621741
ALG10B	-0.146044191
C1orf74	0.794114053
EBPL	0.40978867
SERPINB1	0.539491983
TMEM147	1.16223463
LPIN2	0.274063521
NBPF14	0.200855605
SMA4	-0.034602353
TNFRSF10D	-0.140225184
CENPU	0.295271406
PIWIL1	0.791714705
ATXN7L3	0.288141395
SPTAN1	1.265235835
SEC23IP	0.911292238
MDM4	0.140225184
KIAA2026	0.686052008
CDKN1B	0.625284104
SORL1	0.548717858
CENPV	0.794114053
S100A9	0.930858542
BARD1	0.129700508
PLXNB1	1.17657595
IQCK	1.390840975
MLLT10	0.175946367
TMEM125	0.385718428
RWDD2B	0.151916593
NEK8	-0.064198212
CACUL1	0.393675188
KREMEN1	0.226665137
PSMA3-AS1	0.828274229
GPALPP1	0.302462635
DNAJC30	0.370002697
ERBB2	0.625284104
MTM1	0.828274229
WWP2	0.665467739
HGSNAT	0.442827998
DEGS1	-0.074452762
ANGPTL4	0.053376588
XPO1	0.260226045
POR	0.782910497
MED20	0.309715463
STARD3NL	0.529862719
MUC3A	1.95456405
SEMA7A	-0.331847406
PRPSAP2	-0.044275202
C19orf47	0.682006106
DDB2	1.747904744
ANGEL1	0.58638021
MMP24-AS1	0.434465483
NOC2L	1.092312101
WDR54	-0.253396545
PCBD2	1.092312101
AKR7A2	0.911292238
FOPNL	0.935894296
CDK7	0.771797224
SCAMP3	0.226665137
TBCEL	-0.146044191
ABR	1.561009921
TIMM22	0.706971566
KCNH2	0.267114917
KIAA1468	0.226665137
CCDC122	0.45976119
MRPS34	2.504413057
MPI	0.339350517
CTSD	0.370002697
COLGALT1	0.090207163
UBALD1	2.71969323
TDRD3	0.735650533
ZNF7	0.169857272
RNMT	0.117477026
TCF25	0.006712594
FAM174B	-0.350056853
HNRNPA1P33	0.063839114
AKTIP	0.417946278
MRPS18B	0.625284104
HPGD	0.054139761
CLMN	0.426171731
SYTL1	-0.07965427
PTPN23	0.948347016
SNHG11	0.381012426
HSDL2	0.728231854
ANKRD26	0.182090425
FARSB	2.137015815
MAP3K11	0.794114053
C6orf89	0.281072224
MAPK6	-0.151916593
ODF2	1.473988461
MAP2K7	0.839846795
NBR2	0.595988334
MLST8	0.986323602
VPS33A	0.782910497
MRC2	0.10641547
POLR2K	1.709056982
ACOT1	0.635208497
SH2D4A	0.548717858
VPS45	0.53034089
ZNF691	0.331847406
SOD1	1.326939076
ZFYVE28	0.362242871
PLOD3	0.771797224
GNL2	1.311311427
THYN1	0.485688574
OMA1	0.442827998
KIF4A	0.696469539
KDM4C	0.771797224
RAB1A	0.805408665
KCNK6	0.059144613
STK11IP	0.451259743
RANBP2	0.207222756
EXD2	-0.188289768
COPS4	-0.331847406
MBNL1	0.049183382
EMD	0.771797224
SEMA4D	0.090207163
RNF126	2.235011688
OXGR1	1.242859467
DGCR6	-0.054139761
MYB	1.525718547
PARL	0.851513651
ESPN	1.092312101
MTMR9	-0.233260703
CASC3	0.346917194
ATP6V0A2	1.827988899
NFE2L1	0.226665137
ATXN7L1	1.17657595
APOC2	1.711277262
SGOL2	0.10641547
SLC29A4	0.40978867
ATXN10	-0.354547841
CHN2	1.407173341
KHDC1	0.276867613
TANGO2	0.253396545
DTWD2	0.401698455
NDUFB4	2.113264639
NDUFAF5	1.092312101
TBC1D8B	0.309715463
LSM10	1.16223463
CDS2	0.1578427
NRBP2	0.020447822
RRAS	0.665467739
WDR70	0.728231854
TMEM99	-0.417946278
CALML3	0.678765325
ARPC4-TTLL3	0.346917194
ADSSL1	-0.267114917
L3MBTL2	-0.095559116
DEPDC7	2.71969323
RASGEF1B	0.425889028
TP53I3	0.645213481
CHKB	0.025119057
SIVA1	0.960902148
SLC25A13	0.851513651
LTBP3	-0.986323602
METAP1D	2.285926793
PSMD2	0.064198212
B4GALT5	-0.246626057
MTMR1	0.207222756
STK26	0.090207163
PRR5L	1.11992945
CEP70	-0.25325621
SLC38A4	0.661199105
RHOV	0.999191949
SNAP47	-0.194544719
C5orf15	-0.728231854
CDKN1C	0.493818266
RFXANK	0.828274229
LARP7	0.805408665
PPARG	2.021024207
EXD1	0.267114917
HDGF	1.342704089
CREB3L4	0.675718296
CA12	0.434465483
TCEB2	1.807660006
ALG8	0.253396545
LNPEP	0.064198212
DYNC1LI1	0.400915555
C1RL	0.044275202
RWDD3	0.029837145
KIAA0430	0.426171731
CDC73	0.377827741
ATP6AP2	0.675718296
PPP1R14A	0.331145222
IFI6	-0.233260703
AKT1	1.220337618
TGIF1	1.423652259
CRAT	0.054139761
ZNF26	0.10641547
CLCN3	0.339350517
SLC3A1	1.407173341
ZSCAN31	0.393675188
WASH3P	0.1578427
NOM1	0.288141395
PHLDA1	-0.090207163
C6orf203	1.374653225
BANF1	1.16223463
UXS1	0.539491983
DIABLO	1.16223463
KCNMB3	0.246626057
TMEM106B	0.07965427
RABGAP1	0.696469539
HERC4	0.377827741
BANP	1.280461447
SIAE	1.17657595
LANCL2	0.324407457
CENPB	0.090207163
DDIT3	0.362242871
MRPS25	1.633613171
AP4E1	-0.10641547
SLC25A39	0.851513651
XRN1	0.039414949
CMIP	0.899141018
IPPK	-0.020447822
DPH5	1.633613171
SCO1	0.905372554
TSC22D4	0.485688574
SLC39A14	0.377827741
PHF20	0.188289768
SLC35E1	0.302462635
PSMD14	1.051740645
LDHB	0.07965427
ITGA6	0.738991517
NT5E	0.656054042
MAP3K3	-0.260226045
APOBEC3G	0.110310659
ZBTB9	0.434465483
SAMD1	0.92354302
INPP5B	-0.140225184
IGFBP2	0.576849674
ZNF593	0.362242871
VAMP3	0.442827998
METTL23	0.45976119
SORBS3	0.151916593
DNAJC13	0.246626057
PML	0.233260703
CLN5	0.123085488
SS18L1	0.069300835
RAD17	0.163822822
STMN1	0.200855605
USP28	0.417946278
MAP7D1	-0.331847406
POLE3	0.794114053
DOCK11	0.675718296
PCMTD2	0.253396545
UPK3BL	0.377827741
LRP4	1.250141017
LINC01296	-0.645213481
PAK1IP1	0.728231854
TMEM208	0.40978867
KRT18	0.706971566
CBX7	-0.1578427
TLCD2	0.169857272
CPOX	0.267114917
SEC16A	0.188289768
FBXO31	0.595988334
MIF	0.595988334
BNIP3	0.115786173
PROM1	1.787538915
TATDN2	1.689919385
NCOR1	0.899141018
SIRPA	0.812409429
EPB41L4A	0.239914227
LYRM2	0.92354302
ECHDC2	0.034602353
GPR39	0.863275638
ZNF195	0.53034089
JUNB	0.521264042
LOC100996447	0.899141018
PPID	1.491074007
PHF14	2.04368332
TMEM246	-0.220127185
NCOA2	0.274063521
CISD2	-0.111920452
KBTBD6	0.188289768
CYP1B1	0.074452762
CECR5	0.213646504
GOLT1B	0.309715463
UNC13D	-0.260226045
KIAA2013	0.512260907
MAP2K3	0.100961789
PKMYT1	0.40978867
SART3	0.370002697
POLR3K	1.95456405
ZDHHC6	0.899141018
TSN	0.738991517
ABCC10	0.816795124
TESK1	1.065152103
DZIP3	-0.605674627
IGBP1	0.558019062
ANKRD13D	0.401698455
ACAA2	1.078675532
BCL2L13	0.816795124
ABCB1	1.633613171
TRAPPC1	1.038440013
TIMM8B	1.615203202
TCF20	0.58638021
SGPP1	-0.128746135
JMJD1C	0.020447822
ATP6V1E2	0.567396147
LFNG	1.250141017
B4GALT2	1.16223463
CHURC1-FNTB	2.089796882
PLEK2	1.543282177
SLC39A6	-0.58638021
NFKB2	-0.182090425
LINC00667	0.771797224
UBB	1.11992945
SMG6	0.605674627
HSBP1	1.17657595
C7orf43	1.051740645
BLOC1S4	0.309715463
UTP15	0.002226135
NFAT5	0.233260703
USP32	-0.034602353
PPP1R13B	0.635208497
SPAG5	0.100961789
EPHX4	1.265235835
IL17RE	0.805408665
PDHX	0.771797224
P2RY2	0.354547841
C2orf44	-0.260226045
ZBTB14	1.133912688
VARS	-0.034602353
PNPLA4	0.605674627
ATG12	0.393675188
SNORD21	-0.339046527
AGMAT	1.235175449
PIWIL4	2.475664498
NDUFA1	3.413832665
DDN	0.493818266
NAP1L1	0.015823175
LOC101929128	0.312855927
NUP155	-0.151916593
ZNF767P	0.267114917
FBXW4	0.317030274
CPTP	0.059144613
UBE2T	1.250141017
TMEM38A	0.10641547
RAB5B	1.358608208
RBM23	0.331847406
DCAKD	0.054139761
CDC5L	0.595988334
C16orf62	-0.1578427
RNF25	0.151916593
SCARNA12	0.757778886
HSD17B1	-0.317030274
IRF3	0.738991517
AJUBA	0.044275202
IMMP1L	2.593490744
ADIPOR1	1.106063001
RIPK2	-0.069300835
POFUT1	0.576849674
CPSF6	0.851513651
MAN1B1	0.1578427
ZBTB42	0.521264042
MEGF6	0.999191949
METTL2B	1.235175449
CXCL5	0.178509197
BTBD2	0.233260703
PLSCR1	0.58638021
CDC25B	0.635208497
MKKS	2.311897877
NUDCD1	-0.260226045
ZC3H15	2.260301561
MTPAP	0.233260703
SUCLG2	2.066605381
CHTF8	0.512260907
PIGW	-0.049183382
MBNL2	0.020447822
HID1	0.354547841
SNORD17	0.31686316
ARRDC3	0.146044191
EXOSC10	0.476975118
ATP5O	2.137015815
ARAP1	0.346917194
CNOT6L	0.182090425
HPDL	0.995592124
TPM2	-0.288141395
C2orf88	2.089796882
DHFRL1	0.339350517
ZFP62	0.911292238
BCL2L2	0.134459267
FAM74A7	0.1578427
CIRBP	0.267114917
MIER2	0.015823175
FAM107B	-0.295271406
LSM7	2.563306287
PANK4	-0.650931435
WDR24	0.749838479
HENMT1	0.253396545
IL23A	0.385411917
SYNGR2	1.280461447
USP3	0.558019062
ELP5	0.128746135
GNAL	0.100961789
PDCD7	0.635208497
UACA	0.512260907
DCUN1D4	-0.828274229
ENPP4	0
ZG16B	0.2629452
PYROXD2	0.226665137
NFS1	0.738991517
FUT3	0.595988334
CHN1	0.280745446
CBX3	1.890263587
FAM160B1	-0.095559116
APOC1	0.450487699
SELM	-0.655299683
HAGH	0.426171731
DENND3	-0.002226135
MARVELD2	0.200855605
ASNA1	1.728384316
KRBOX4	0.151916593
KDSR	0.111920452
HOXA13	2.161057947
FAM122C	0.128746135
BCYRN1	-0.111920452
RAB14	0.246626057
KLHL2	-0.253396545
TNRC6C	0.417946278
COG2	1.133912688
DECR2	0.828274229
NUDT17	-0.485598792
MAFG	0.123085488
GUCA2A	1.037611917
TMEM57	0.494473687
ZNF776	-0.034602353
ZFAND5	0.362242871
RANBP9	0.494473687
FKTN	-0.015823175
PNPLA6	-0.494473687
SH3BP5	0.295271406
RSBN1L	0.393675188
G6PD	0
DNAJC25	0.576849674
KCTD15	-2.066605381
PTPN13	1.586705939
DARS2	0.839846795
CRX	0.163822822
TPGS1	1.265235835
TUBB4B	0.935894296
CDC27	-0.302462635
BRI3	0.595988334
GRHL3	1.539482261
PSEN1	0.442827998
COMTD1	1.95456405
ATP5J2	2.68727
SOX9	0.717558772
NAPA	1.012166756
CLEC16A	0.887088443
NUP153	-0.10641547
REXO1	1.012166756
NOP14	0.749838479
SP140L	-0.324407457
EPS15L1	0.816795124
GTPBP2	-0.044275202
SMIM4	3.886663317
CST6	-0.058308565
EMC6	1.615203202
RHOBTB3	0.309715463
CRIPT	0.567396147
PTP4A3	0.229992715
GZF1	0.53034089
SLC2A8	0.686052008
ERVMER34-1	-0.113042015
SP100	0.346917194
FKBP3	1.025249084
LAPTM4A	0.686052008
ATP1B1	1.543282177
TAPT1	0.246626057
C7orf50	1.171986892
ALG3	0.635208497
ABHD17A	1.015689413
AP2S1	0.948347016
TAMM41	2.71969323
WDR45	0.295271406
ZNF74	0.015823175
DPY19L4	-0.100961789
ZNF687	0.706971566
TMEM47	0.491829307
PIK3AP1	0.665467739
SLC41A1	0.039414949
UBALD2	0.92354302
TCTN2	-0.034602353
HIGD2A	1.767621741
GLS2	0.986323602
ORC4	0.675718296
FANCD2	1.596967817
RHPN2	0.339350517
MEGF9	0.911292238
ERCC1	-0.084905643
TIMM8A	0.948347016
ATP6V0E1	0.665467739
COG6	0.163822822
SERP1	0.973560676
SNX19	0.58638021
REPS1	1.16223463
CD36	0.886775446
AKR7L	0.805408665
RNH1	0.655299683
TRMT13	1.17657595
SPINK1	1.360636635
ZNF205	0.625284104
NPIPA1	1.525718547
LRIG2	-0.134459267
FAM27B	-0.309715463
LGALS9	0.48940008
MLKL	1.235175449
LYRM7	1.869286406
ANKEF1	0.766517797
RPS6KA3	1.670968287
FAM133DP	1.390840975
METTL16	0.45976119
SMG5	0.45976119
NXT1	0.615439684
FCHO1	0.226665137
PRKCDBP	0.089002667
NAA35	0.07965427
AKAP10	-0.175946367
ZBTB40	0.169857272
ANAPC5	1.615203202
FAM91A1	-0.090207163
ANAPC11	0.548717858
PDK4	0.738991517
UNK	0.182090425
ENKD1	0.911292238
ARPC2	0.567396147
ARFIP2	0.401698455
KLF13	1.078675532
IFT80	0.169857272
SGK223	0.485688574
BLMH	-0.182090425
TCAF1	0.025119057
SIX5	-0.128746135
CDK5	0.393675188
FZD10	2.381937438
UBFD1	0.175946367
PACS2	1.092312101
ILF2	1.265235835
NXPH4	0.146044191
FBXO3	0.226665137
FAM171A2	-0.503330961
DHPS	0.875133612
LCN2	0.088915695
STAMBPL1	0.362242871
TMEM74B	-0.104886189
C2orf72	0.875133612
SLIRP	2.113264639
KDELR1	0.485688574
IKBKE	0.899141018
NCAPH2	0.220127185
TULP3	0.095559116
ZBTB18	1.311311427
DEXI	0.749838479
SFPQ	0.451259743
KCNQ1	1.407173341
INTS5	0.302462635
SPPL2B	1.205626048
DTYMK	0.665467739
DPM1	0.675718296
RC3H1	0.911292238
PRDX1	0.749838479
C3orf38	0.521264042
TSPYL1	0.029837145
MIB1	-0.049183382
DNLZ	0.302010561
NHLRC2	-0.095559116
ABTB2	0.034602353
LIN7A	1.951095746
PPP1R3B	0.442827998
SMC6	1.295819437
UGP2	0.717558772
HNRNPC	0.728231854
TRIM52	0.362242871
SLC38A1	0.084905643
LOC100630923	0.362242871
HYI	-0.163822822
MAOA	0.911292238
CYB5R4	1.423652259
GOT2	0.302462635
PTCD1	-0.182090425
IL27RA	-0.117477026
PI4KA	0.095559116
CCNA2	-0.253396545
IKBKAP	0.020447822
FAM96A	1.191039296
DUSP8	1.689919385
MBOAT2	0.111920452
ZNF239	-0.875133612
MEIS3	-0.548717858
SHB	0.794114053
DPP4	0.58638021
PVRIG2P	0.58638021
C11orf68	0.169857272
P2RY11	0.655299683
GALNT10	0.749838479
CYC1	0.645213481
DALRD3	0.738991517
GTF3C2	0.948347016
PJA1	-0.246535212
MAP3K14-AS1	0.267114917
C1D	0.1578427
ELP6	1.133912688
CCDC78	0.175946367
NF2	0.020447822
CD58	0.717558772
P4HA2	0.207222756
ZWINT	0.899141018
UBTD2	0.548717858
ITGBL1	0.078900556
PIK3IP1	0.794114053
UBE4B	0.625284104
NOP10	1.326939076
STAT5A	0.239914227
MUC5AC	0.630663414
DAP	0.370002697
SYVN1	0.393675188
SLC52A2	0.655299683
INPPL1	0.095559116
ATP5S	0.863275638
RPL22L1	0.025119057
GART	0.615439684
TNKS1BP1	0.393675188
C16orf52	-0.233260703
DHX58	0.096939822
NCBP2-AS2	1.525718547
DCBLD2	-0.434465483
ZNF324	0.006712594
RABGGTB	0.006712594
BDP1	0.645213481
UTP6	0.233260703
TTF2	2.752748457
EZR	0.377827741
CAT	0.558019062
UBQLN4	1.869286406
DCTN5	0.362242871
TNKS	0.020447822
FXYD5	0.615439684
GTPBP3	0.451259743
EFR3A	-0.011244854
SLC1A3	-0.027217805
SPRYD7	1.051740645
CCNB2	0.911292238
RNMTL1	0.288141395
NFKBIE	-0.011244854
RFX2	0.132522385
RASA1	0.317030274
STRA6	0.162309965
ME1	0.128746135
MICAL2	1.440279714
ENTPD2	0.188289768
LAMTOR2	0.986323602
AHNAK	-0.417946278
CCNB1IP1	0.911292238
MAP3K13	1.491074007
TP53TG1	1.065152103
MARVELD1	-0.207222756
PHF20L1	0.548717858
PLEKHO2	-0.388921677
ZNF839	0.128746135
SCYL1	0.771797224
NEK3	1.106063001
TMCC1	0.665467739
ZNF706	1.709056982
ESF1	1.16223463
PCNXL2	0.324407457
FLYWCH2	0.805408665
SAMD5	0.828274229
SLC29A2	1.092312101
ACAD9	0.253396545
CDV3	0.476975118
ZC3HAV1L	-0.887088443
RPS27A	1.065152103
PPP2R3B	0.169857272
PDP2	0.760773468
FAM92A1	0.07965427
IFT88	1.265235835
GRK5	0.498255671
BAZ1A	0.064198212
MEST	0.054139761
FGFR1OP	1.670968287
PGAP3	0.665467739
CRCP	0.805408665
ARFRP1	0.281072224
MEPCE	0.839846795
LCN15	0.928612658
ZNRF3-AS1	0.655299683
PSMA6	2.161057947
NME1-NME2	-1.407173341
LARP1	0.049183382
TAF11	-0.074452762
ZHX3	0.558019062
HYAL3	1.374653225
TUBGCP4	0.084905643
SLC1A1	0.53034089
MKNK1	0.182090425
APOA1	1.18500252
ACD	0.175946367
RMND5A	0.370002697
SUCLG1	1.998621852
WNT10A	0.081098806
SRP72	0.117477026
PTPRJ	-0.069300835
MED24	0.064198212
PRR34-AS1	1.493483553
DPM2	0.595988334
LAS1L	0.548717858
PAGE1	0.121220409
TULP4	0.851513651
CLDN15	0.58638021
MGAT4B	0.960902148
RNPEP	0.485688574
MED31	0.58638021
PMS2P7	0.839846795
CMTM7	-0.025119057
PLXNA2	0.645213481
RASA3	0.175946367
SLMO2-ATP5E	0.377827741
KNTC1	1.787538915
ERMARD	0.339350517
TMEM165	0.074452762
SERF2-C15ORF63	0.059144613
PLAGL1	0.020447822
NAGS	0.267768101
MRPL50	1.578904276
MTBP	-0.054139761
KRT6B	0.46931618
PRKAR1B	0.675718296
KCNE3	1.890263587
TBK1	1.670968287
ARMCX6	-0.605674627
SYTL2	1.191039296
STPG1	0.281072224
RTN3	0.253396545
PLCH1	1.326939076
FBXL18	0.194544719
KCTD5	0.760773468
VAC14	0.696469539
DNPH1	0.46833282
CFD	0.738991517
ST6GALNAC1	1.220337618
CSNK2A1	0.426171731
MEF2BNB	1.767621741
GTF2H2C_2	0.015823175
NPRL2	1.374653225
SFXN4	0.738991517
ZNF589	0.049183382
ZCCHC9	0.816795124
ERAP1	0.309715463
B4GALNT3	0.899141018
YWHAE	0.851513651
UROD	-1.976470347
LOC155060	-0.10641547
CNOT8	0.655299683
ELMOD2	0.011244854
RBM10	0.986323602
H6PD	-0.134459267
GSPT2	-0.008883107
MRPS24	1.390840975
ETS2	1.440279714
INPP5D	1.390840975
STK3	0.188289768
POLM	0.494473687
SCNM1	1.407173341
PIGM	0.512260907
REEP3	0.151916593
ZDHHC9	0.595988334
SRPK1	1.787538915
RTF1	0.084905643
CETN2	0.911292238
ATP13A1	0.370002697
DET1	-0.025119057
NCBP2	0.595988334
INADL	0.771797224
ME3	0.760773468
CPSF3L	0.281072224
RNGTT	0.362242871
TMEM67	-0.417946278
SASS6	0.816795124
ARHGAP12	-0.049183382
LAMB2	-0.06079247
ZNF649	0.34626296
NSMCE4A	1.767621741
PMS2P3	1.11992945
RTN4IP1	0.645213481
TMEM11	2.658183422
PARD3	-0.267114917
CHST12	-0.661199105
GPBP1L1	1.106063001
FAM63B	-0.07965427
SUMO2	0.605674627
ZNF430	0.324407457
CHD3	-0.451259743
DDX39B	0.220127185
ARID5B	1.508316608
SGPP2	1.311311427
C11orf72	0.169857272
GDAP1	0.025119057
TMEM198B	0.828274229
PPIP5K2	0.084905643
HDAC5	0.426171731
DNPEP	0.935894296
ZNF362	-0.002226135
F2R	-0.288141395
ALKBH4	0.324407457
PAK4	1.491074007
RNF11	-0.025119057
CPE	1.010451596
FAF1	0.794114053
ABO	1.16223463
FBXO5	0.362242871
PPP3R1	0.253396545
PXK	1.038440013
C12orf65	1.295819437
RIC8A	0.295271406
PTGES3	1.848529634
TOPORS	0.625284104
SLX1B-SULT1A4	0.339350517
KIAA0101	0.503330961
CEPT1	0.324407457
FKBP14	0.188289768
SCARNA9	0.011244854
BLVRA	-0.260226045
TMEM98	0.417946278
DRG2	0.281072224
ARL4D	-0.10641547
FOXJ2	0.169857272
TXNDC9	0.828274229
SLC9A7	-1.133912688
LINC00998	-0.020447822
PDS5A	0.253396545
GSN	-0.274063521
C19orf53	2.752748457
STK19	0.317030274
SOX12	-0.044275202
CD83	-0.548717858
FAM174A	-0.339350517
SNORA64	-0.327033279
GIPC2	0.975770457
PDRG1	0.175946367
GNB2L1	0.863275638
SLC10A3	0.401698455
RNF31	0.274063521
PLAGL2	1.148013983
IQCC	-0.10641547
SRSF3	0.645213481
RAB11FIP4	0.935894296
PIGT	0.935894296
DPYSL3	0.134459267
DHX35	-0.253396545
CAND1	-0.302462635
TTC23	0.434465483
MRPS30	0.426171731
RAD51	2.04368332
RSF1	0.069300835
EHF	0.911292238
ZNF675	0.163822822
LIPT1	0.281072224
SAPCD1-AS1	0.274063521
PARN	1.065152103
PIGK	-0.011091567
EED	0.635208497
MAPK15	0.324407457
CDC42SE1	0.512260907
CCDC71	0.393675188
SLC43A1	0.220127185
PSME3	0.576849674
SOWAHA	1.092312101
RPH3AL	0.317030274
DGKH	0.213646504
FASTKD3	0.274063521
GSR	0.226665137
MRI1	0.200855605
FBRS	0.828274229
HERC2	0
BIRC6	0.034120894
CLSTN3	-0.324407457
EBLN3	0.401698455
PIK3C2A	0.006712594
TBCE	0.794114053
NRTN	0.324407457
ASUN	1.848529634
FAM8A1	0.805408665
NSMCE1	0.839846795
SRD5A3	1.078675532
BCR	0.665467739
SH3RF2	1.133912688
LRRC42	-0.267114917
NUPR1	-0.24013525
ADGRF1	0.207222756
ADAM8	0
NUP88	0.539491983
ECHS1	1.078675532
CYSTM1	1.148013983
SMARCD1	0.839846795
SP5	0.706971566
BMP2	1.205626048
SLC38A10	0.188289768
ATP5C1	1.358608208
C11orf98	2.210047276
HPS5	0.011244854
POLR3F	0.163822822
PPP1R15A	-0.128746135
KRT6A	0.161469307
TFPT	1.038440013
UBE3A	-0.288141395
IVNS1ABP	1.767621741
DDA1	0.605674627
LRP3	0.10641547
PLEKHB1	0.686052008
ASXL2	0.302462635
CCRN4L	-0.494473687
CCDC84	0.645213481
KIAA0196	0.074452762
OAF	1.932897564
BCL2L1	0.331847406
RNF2	-0.10641547
ARGLU1	0.476975118
TBPL1	0.635208497
BLOC1S2	0.935894296
CASP6	0.434465483
ZWILCH	1.827988899
CTPS1	-0.194544719
DSTYK	-0.064198212
MTX1	0.728231854
XIST	0.135909574
PELI3	0.188289768
SELENBP1	1.932897564
GNPDA1	0.805408665
RPS7	1.615203202
BNIP2	0.090207163
RCC2	1.051740645
FBXL19	0.213646504
USB1	0.331847406
CNST	0.175946367
ASB6	-0.049183382
RAP1A	0.675718296
DCUN1D1	0.1578427
ANKRD12	-0.020447822
KIF5B	0.46833282
TMEM216	0.797459057
MEIS2	-1.407173341
SNX10	-0.370002697
GRSF1	-0.07965427
ZNF620	0.324407457
NDUFS8	0.675718296
MSRA	1.078675532
SLC10A7	0.226665137
PAFAH1B1	-0.034602353
ZNF346	-0.002226135
RAP1GAP	0.503330961
DDX1	2.392001259
ADRBK1	0.863275638
TCEAL1	0.476975118
BCAP29	0.128746135
WBP4	1.205626048
MFSD12	0.226728358
FAM120AOS	0.625284104
LINC00467	0.794114053
RMND5B	0.370002697
CNFN	0.567904282
CLIC3	-0.10641547
UAP1L1	0.324407457
LINC00265	0.503330961
LRP5L	0.274063521
VWA1	-0.100961789
RPAP1	0.40978867
CHMP1B	0.317030274
LAMTOR3	0.521264042
TUBG2	-0.986323602
LHX4-AS1	0.034602353
NFKBID	-0.735650533
MIR614	0.044914603
LRWD1	0.331847406
PAF1	0.503330961
TMEM139	1.374653225
NIN	-0.175946367
PIEZO1	0.194544719
TMEM230	0.717558772
YPEL3	0.049183382
ARG2	0.377827741
NRCAM	0.977199315
NQO1	0.084905643
VPS26A	1.065152103
TMEM258	1.473988461
TBC1D15	-0.015823175
ALDH6A1	0.049183382
TRAPPC12	0.696469539
MAPK8	-0.485688574
L2HGDH	0.595988334
LRRC6	2.190791544
TMEM117	1.374653225
ZNF629	0.054139761
N4BP1	0.339350517
GDE1	0.539491983
UBE2I	1.220337618
MME	1.854072332
SNAPC5	0.794114053
PLEKHA6	1.092312101
CDC42EP3	0.92354302
CTBP1	0.576849674
EXTL3	-0.370002697
THNSL1	-0.417946278
ZNF44	0.675718296
ATE1	0.494473687
RIC1	-0.07965427
PRKAR1A	-0.253396545
NNMT	-0.04497999
NAA10	0.567396147
RABGEF1	0.738991517
MED13	0.07965427
TMUB1	0.309715463
MED6	0.794114053
SNRPB	0.782910497
TSG101	0.706971566
TAB3	0.370002697
ZC3HAV1	1.133912688
RPS28	1.652200557
C7orf13	-0.011091567
FANCI	1.038440013
ZNF558	-0.084905643
SIRT3	0.771797224
ANKIB1	0.182090425
USP48	0.095559116
PANK2	0.267114917
ATF7	1.311311427
LRRFIP1	0.655299683
FPGS	0.706971566
LDHA	0.558019062
SETD9	1.065152103
WNT7B	-0.064198212
CSGALNACT2	-0.782910497
MIR135A1	0.029008438
NDUFA5	1.407173341
PRCC	0.92354302
CYTH1	0.331847406
SYT1	1.065152103
ZNF101	0.53034089
CCDC61	1.264392928
ZNF114	-0.10641547
TMEM161B-AS1	1.439836624
GATSL2	0.239914227
SCFD1	0.302462635
UBOX5	0.267114917
YWHAB	0.53034089
ATXN7L2	0.274063521
EDN2	0.837155567
TGDS	0.476975118
ALDH2	1.457057749
PRDX2	0.615439684
PABPC4	0.188289768
TMEM150B	0.758814056
NTSR1	-0.175946367
CCAR2	0.020447822
WRB	-0.10641547
YTHDF3	0.324407457
GEMIN2	0.494473687
UPP1	0.090207163
BLZF1	0.875133612
SPRY1	0.182090425
RPL36A	1.747904744
TMEM170A	0.309715463
RHOT1	0.020447822
THBS4	-0.46759453
TBC1D1	-0.771797224
ZSWIM4	0.146044191
BAZ2B	0.246626057
SLC25A19	0.960902148
CSAG1	0.472607108
CHAC2	0.521264042
CES1	0.127665415
HOXB3	0.302462635
BLCAP	0.426171731
NRF1	0.828274229
CNOT2	1.051740645
ZBED1	0.760773468
JOSD2	0.591173196
SEMA3C	0.605674627
RCN1	-0.059144613
TSC2	0.539491983
SEC61G	0.393675188
SIGIRR	0.45976119
FZD6	-0.220127185
PLA2G15	0.200855605
SMG1	0.253396545
CA11	-0.717558772
CLIP2	1.250141017
FN1	0.059144613
RRP12	0.805408665
SFT2D3	0.595988334
LRRC37A2	0.07965427
CEP120	0.281072224
CCP110	-0.090207163
TRIM8	-0.006712594
FOXRED2	-1.092312101
UTP23	0.503330961
ANO6	0.548717858
GNPAT	0.760773468
FASN	0.123085488
SLC25A14	0.256639212
FAM195B	0.034602353
MED26	1.295819437
SCAND2P	0.090207163
LRRC1	-0.002226135
MMADHC	0.385718428
ADSL	-0.169857272
SMCR8	0.029837145
ZNF845	-0.302462635
TANK	0.635208497
COX17	0.828274229
LONRF3	0.512260907
IGFBP6	-1.787538915
ZYX	0.146044191
GFM2	0.054139761
NDUFB1	1.265235835
WBP11	1.342704089
PSMB9	0.911292238
GPATCH11	0.207222756
C19orf43	1.848529634
CEP19	0.839846795
POLB	0.226665137
TRIM41	0.111920452
LOC101926898	0.635208497
SLC25A22	0.182090425
LINC00339	0.006712594
TMEM199	0.960902148
RBM15	0.887088443
CHMP2B	0.839846795
HYOU1	0.40978867
ST20	0.635208497
MLF2	1.457057749
SAFB	1.670968287
ZNF777	0.370002697
CSTF2T	0.476975118
FAM127B	0.384958431
COA4	0.665467739
IFNLR1	0.899141018
RBM26	0.074452762
CCDC85B	0.100961789
LLGL1	-0.117477026
PBK	0.107592064
ZNF35	0.600917066
UBE2Z	0.074452762
MYC	0.665467739
TMC6	0.002226135
SERPINE1	-0.331847406
LINC00152	0.521264042
ATP7A	-0.175946367
LIPE	0.385718428
HNRNPDL	0.111920452
IMP4	1.280461447
RPP30	0.362242871
TTC22	0.539491983
NT5C3B	0.426171731
ZC3H7A	0.281072224
IFI27L2	0.354547841
COX7A2L	1.078675532
GOLGA2P7	1.092312101
SLC25A10	0.377827741
CHCHD7	0.476975118
NR1D1	0.605674627
STK25	0.140225184
SLC30A9	0.476975118
CCND3	0.595988334
DHX40	0.239914227
MAGEA2	0.148333005
CNPY2	2.311897877
PVRL1	1.220337618
KMT2A	0.095559116
HACD1	-0.828274229
APLP2	0.090207163
PPAP2C	0.999191949
TRA2A	0.615439684
TTC13	0.393675188
MLX	0.558019062
ZNF416	0.084905643
MLF1	0.451259743
CXorf38	1.17657595
PKNOX1	0.207222756
LINC01578	0.476975118
RAB43	0.771797224
SRRT	0.434465483
SMAD4	-0.354547841
NMT1	0.084905643
RPL10	0.794114053
SNX11	0.006712594
DDX58	-0.039414949
SARS	1.390840975
SHCBP1	-0.044275202
SMNDC1	0.548717858
ENTPD6	0.665467739
SKAP2	1.065152103
FKBPL	1.008959388
TOR1A	-0.039414949
NDC1	0.128746135
SARAF	0.151916593
LOC652276	0.049183382
PCAT7	0.309715463
GGT6	0.92354302
PRKCH	0.029837145
CBFB	0.805408665
TNFRSF11A	0.839846795
RRP1	0.451259743
PPIA	0.935894296
ZNF860	0.253396545
CDK5RAP2	0.605674627
WASH2P	1.012166756
TNRC18	0.521264042
PTBP2	-1.423652259
PPAN	1.106063001
UBE2Q2	0.207222756
OGFOD2	0.655299683
ATF6	0.434465483
CLDN11	0.011142138
PTK2B	1.038440013
GINS2	1.508316608
FAM60A	0.887088443
SEPW1	0.595988334
PORCN	-0.354547841
HSD3B7	-0.123085488
DTNBP1	0.123085488
ARFGAP3	-0.169857272
DCP1B	1.092312101
ATOH1	1.149146742
ELL	0.207222756
NUDT7	0.615439684
PLSCR4	0.417946278
GPD1L	1.807660006
MYH10	-0.207222756
NHSL1	1.390840975
VPS36	0.706971566
TMEM55A	-0.090207163
USP7	1.709056982
GKAP1	0.451259743
RGS3	1.390840975
ABHD6	1.508316608
CTTNBP2NL	0.069300835
MCFD2	0.015823175
INTS3	0.182090425
SSB	1.508316608
GTPBP8	0.07965427
IL22RA1	0.863275638
GRAMD1A	0.339350517
KHDRBS1	1.133912688
RBPJ	-0.069300835
BCL7B	1.728384316
NMU	0.054139761
FBXO28	0.317030274
PLEKHA7	0.548717858
VPS33B	0.875133612
RAB40B	0.999191949
MOB2	0.863275638
TRIQK	0.346917194
RBFOX2	-0.140225184
DDX49	0.675718296
RBM4B	0.558019062
TMTC2	0.350056853
PIGL	0.163822822
TTPA	3.98167934
C1orf43	1.440279714
ZBTB38	1.457057749
ZW10	0.200855605
PRKACB	0.233260703
LETM2	-0.020447822
AMZ2	0.034602353
TRRAP	0.069300835
TSPAN1	0.794114053
PPP6R1	0.863275638
LSS	0.935894296
SNRPD1	0.233260703
MCCC1	0.839846795
TCF12	0.635208497
CMTM3	-1.615203202
CPVL	0.029423532
KIAA0195	0.576849674
PROM2	0.401698455
CLUH	1.525718547
CLDN7	1.012166756
DUSP3	0.128746135
NPC2	0.717558772
KLHL24	0.354547841
PIAS4	0.645213481
E2F2	0.828274229
MAGEA6	0.108021499
ODAM	0.226670654
FNBP1L	0.210624406
CCDC88A	-0.246626057
MRPL1	0.354547841
ZC4H2	0.182090425
NEK6	1.596967817
DDX21	0.635208497
LOC100506730	1.078675532
MAP1LC3A	0.373171862
NPIPA2	0.451259743
HNF1A	2.217147471
TRAPPC3	0.281072224
ALKBH1	1.078675532
HIRIP3	1.250141017
BRF2	0.006712594
MIB2	0.331847406
PPP2R5D	0.58638021
USP1	0.200855605
NME4	1.148013983
CCDC58	1.767621741
CHERP	0.782910497
NTN4	-0.006712594
BIN1	0.935894296
ZBTB24	0.706971566
DCUN1D5	0.002226135
SCAF4	1.133912688
IGF2BP2	0.253396545
SEC24D	-0.512260907
SLC31A2	-0.339350517
MRPL2	2.863216841
GPR180	-0.274063521
CENPQ	0.534456935
THBS3	0.064198212
REXO4	0.665467739
TAF5L	0.095559116
PFKL	1.374653225
BOD1	0.163822822
PRKAA1	1.191039296
GCNT3	0.090207163
ZNF213	0.735650533
REV3L	0.025119057
C9orf152	1.374653225
ERVK13-1	-0.140225184
BORA	0.539491983
TANC1	0.503330961
UBL4A	0.246626057
BCL7A	0.069300835
MTFP1	0.324407457
HEXB	0.899141018
SLC25A25	0.417946278
C16orf95	0.567904282
JSRP1	-0.29163462
KLHL6-AS1	0.899141018
DARS	0.665467739
CBWD5	1.976470347
TCP11L1	-0.069300835
ERBB2IP	-0.220127185
CIC	0.182090425
CKMT1B	0.706971566
ROCK1	-0.140225184
MAP3K7	0.393675188
DLD	0.706971566
PGAP2	1.342704089
COX16	2.447357175
SNRPD2	1.689919385
ZNF707	0.006712594
ZNF180	-0.169857272
CFTR	1.932897564
BCCIP	0.615439684
PITPNM2	0.782910497
RPP25L	0.434465483
HELLS	0.169857272
EEF2KMT	2.260301561
TPD52L1	0.863275638
GNG12	0.346917194
GATAD1	0.370002697
NMI	0.260226045
RGP1	0.370002697
NEK2	0.960902148
GSTO2	0.200855605
HOXB13	0.223478593
NIF3L1	0.46833282
TSC22D2	0.069300835
NUPL1	0.169857272
KCNS3	0.134459267
RETSAT	1.561009921
TAF1B	0.084905643
CPNE1	0.194544719
GALK1	0.558019062
ISOC2	0.302462635
RPLP2	1.670968287
GRINA	0.064198212
LRRC8B	-0.816795124
GFER	0.281072224
GEM	1.133912688
FZR1	0.548717858
FAM169A	0.346917194
TNFRSF10B	-0.002226135
PSMA4	0.696469539
WDR11	0.324407457
HSP90AA1	0.960902148
AGRN	0.015823175
PMS1	0.370002697
FBXO33	-0.029837145
RASSF10	0.381012426
POM121C	0.548717858
PEX11G	0.281072224
CSTF2	1.265235835
SUFU	-0.074452762
PAN3	0.377827741
LIAS	1.16223463
ACY1	1.473988461
PDE6D	1.440279714
SPIN4	0.317030274
PDE4B	-0.19549987
SRPX	-0.494473687
AP3S2	2.210047276
HSD17B12	0.635208497
UBXN8	0.442827998
CXCR4	0.522694815
MKL2	0.134459267
TRIM16L	-0.324407457
INPP5F	0.246626057
SLC2A12	0.706971566
BCS1L	1.311311427
SNORA63	-0.048908198
SPAST	0.095559116
GPNMB	-0.246804942
TRIM45	0.625284104
NSD1	-0.034602353
FKBP15	0.044275202
KCNC4	0.625284104
TRAM2-AS1	0.295271406
ITGB6	0.476975118
SUSD3	0.394769609
CYB5B	1.092312101
STT3B	0.717558772
LSM14B	0.999191949
POLE	0.512260907
RPL8	0.567396147
SOCS4	0.46833282
LOC643406	0.595988334
YARS	-0.581513788
PROSER1	0.763372381
TUG1	0.576849674
TCTA	0.805408665
DMXL2	-0.111920452
ITPKC	0.100961789
NFU1	0.92354302
SEPHS2	0.324407457
IDH3G	0.665467739
GNAS	0.260226045
DXO	0.034602353
ISX	1.262489758
RAB38	-0.031855038
APOOL	0.200855605
ALMS1	0.615439684
HADHB	0.213646504
PPAPDC2	0.213646504
ADCK3	1.342704089
MCOLN1	0.006712594
MUC17	1.051740645
HIST2H4A	0.239914227
HACD2	0.194544719
HOTTIP	1.578904276
GTF2H5	2.285926793
AP1M1	0.188289768
TMEM79	0.521264042
PSMC4	1.148013983
DYNC2LI1	0.503330961
ABHD4	0.220127185
LAPTM4B	0.074452762
PROCR	0.615439684
MRPS18A	1.767621741
FAHD2A	0.863275638
WDR83OS	0.717558772
RBM42	0.503330961
PMEPA1	0.539491983
STARD5	1.235175449
MINPP1	-0.025119057
GTPBP4	-0.134459267
MRPS35	1.220337618
COX6C	2.624196329
SDR39U1	0.401698455
DTD2	1.747904744
POF1B	2.338225956
PTK6	0.635208497
TANGO6	0.100961789
STAG3L1	0.451259743
TRUB1	0.346917194
ALDH16A1	0.084905643
MRTO4	-0.015823175
TPRN	1.911465726
MRPL55	0.10641547
LARP6	0.358110391
ERCC6L	0.064198212
KIF12	1.012166756
MTHFS	0.875133612
YWHAQ	0.828274229
ZNF2	0.521264042
LMAN1	-0.220127185
SLCO3A1	0.741146028
LINC01420	-0.044275202
SLC25A12	0.377827741
GAREM	0.960902148
PFN2	-1.473988461
CBS	0.342485637
UBN1	0.281072224
GABARAPL1	-0.288141395
C21orf33	0.576849674
CASD1	-0.015823175
POLK	0.059144613
NR2C2AP	0.324407457
SNX33	0.401698455
RPS17	1.932897564
CTNNAL1	-0.006712594
TLR8-AS1	0.706971566
HEATR5B	0.728231854
MLLT11	0.006712594
PTPRA	0.503330961
CDIPT	0.548717858
SEMA4C	-0.090207163
CRLS1	0.728231854
GJB4	1.304517284
CTAGE4	0.253396545
UBE2O	0.451259743
HMCES	0.635208497
DHRSX	0.911292238
LRRC61	0.015823175
CH17-340M24.3	0.123085488
FBXO2	-0.239873857
POT1	0.58638021
MON1A	1.475416525
USP14	-0.503330961
TM9SF4	0.401698455
NMNAT3	1.728384316
PTCD3	1.326939076
PUM2	0.738991517
KIAA0232	0.134459267
ELOVL6	-0.194544719
ZNF3	0.973560676
SPIRE2	1.148013983
PDE3B	1.106063001
U2AF1	1.95456405
GLE1	0.696469539
FAM222A	3.413832665
TAOK3	1.543282177
CLK1	0.521264042
SLC5A6	1.025249084
FAU	1.205626048
TMEM205	0.020447822
COA5	0.816795124
DOLPP1	0.118543177
PEA15	0.749838479
ZNF746	0.717558772
KDM7A	0.935894296
WLS	-0.370002697
ZNF816	0.233260703
C8orf58	-0.362242871
ATP5D	1.747904744
RNF20	0.595988334
NRAS	0.267114917
ZNF780A	0.169857272
CEP290	0.239914227
AREL1	-0.006712594
FAM217B	0.117477026
HSPBAP1	0.324407457
CCDC92	0.595988334
PTTG1	1.148013983
ABCC4	-1.561009921
POLR2B	0.200855605
C9orf9	-0.091635877
NABP1	0.029837145
LOC727751	0.442827998
PLA2G6	0.625284104
ZNF488	1.16223463
BCLAF1	0.253396545
SETD5	0.100961789
COMMD6	0.548717858
BSCL2	0.521264042
PPFIBP1	0.10641547
AKAP17A	0.576849674
C1orf123	0.288141395
KIAA1324	1.491074007
CASC19	0.024795008
SRFBP1	0.274063521
MCTS1	0.887088443
DYRK3	-0.027092133
ABCE1	-0.123085488
FYCO1	0.377827741
SFT2D1	0.442827998
CHCHD3	2.260301561
NUFIP1	0.40978867
UQCC1	2.364922877
SPRYD3	0.948347016
IFI30	-0.246626057
MAL2	0.494473687
C17orf53	0.539071145
LRG1	0.476975118
ELOVL1	0.274063521
C4BPB	0.188289768
TTC33	0.267114917
HSPB11	1.133912688
GPA33	1.715585496
YIPF4	0.100961789
MSL2	0.175946367
PDLIM7	0.090207163
RND3	0.288141395
ELAC1	0.309715463
OCLN	0.090207163
TAF1C	0.07965427
B4GALT1	0.034602353
KIAA1524	-0.090207163
INTS10	0.558019062
BCAS4	-0.064198212
DHX29	0.011244854
RFX1	0.828274229
CCL24	1.621646449
GADD45B	-0.059144613
KLK11	0.210624406
MIDN	0.45976119
RAB1B	0.794114053
PRMT6	-0.015823175
AGPS	0.696469539
ZXDB	0.226665137
PTPRD	2.766518649
OTUD6B-AS1	0.828274229
COPS7B	0.686052008
THEM4	1.295819437
SUDS3	1.265235835
TTC39A	0.717558772
BATF2	0.911292238
SNHG4	-0.020447822
ACLY	0.851513651
DGAT1	0.863275638
TMEM51	0.558019062
GNPTG	1.038440013
RAP2B	0.655299683
SLC45A4	0.220127185
EME2	-0.58638021
TRIM21	0.675718296
PCNXL4	-0.771797224
RAB3B	-0.295271406
NAA38	0.717558772
UBR1	-0.220127185
SYNCRIP	1.265235835
UTP14A	1.827988899
OSTC	0.117477026
LIN7B	0.260226045
FADS1	0.567396147
ENOSF1	-0.039414949
KXD1	0.53034089
DDX42	0.451259743
RING1	-0.054139761
USP10	0.317030274
TTC39C	-0.039414949
TCEA1	0.40978867
RPL10A	0.899141018
NUS1	0.123085488
LINC00960	0.151916593
TOP3A	0.084905643
GMNN	1.342704089
C4orf27	-0.686052008
SPAG9	0.169857272
OSGEPL1	0.675718296
NID1	0.264620361
MRPL34	2.161057947
NISCH	0.146044191
ZC3H4	0.46833282
RYBP	0.426171731
OGFR	0.146044191
IRAK4	0.911292238
RPS3	0.973560676
BCAM	-0.738991517
SLC44A1	0.558019062
PRSS1	0.579681778
BMI1	-0.40978867
KLHDC4	0.442827998
FBXO18	0.512260907
TRPM2-AS	1.029243177
IGFL2	0.086551071
FAM118A	2.04368332
NOTUM	0.029837145
CSRNP2	0.267114917
FLVCR1	0.92354302
NACC1	0.281072224
PGM2	0.960902148
SAMD12	0.10641547
TMEM63A	1.205626048
SLC25A27	1.440279714
CHD6	-0.054139761
TBX3	0.385718428
WWC3	0.717558772
LGALS3BP	-0.084905643
ZNHIT1	0.605674627
VAPB	0.760773468
MYL5	0.635208497
HINT1	1.508316608
PYURF	1.133912688
GPR157	1.358608208
SRSF11	0
LYPLA1	0.875133612
FURIN	0.194544719
TMEM44	0.317030274
C19orf68	-0.163822822
C1orf50	1.157097909
EIF2S1	1.17657595
UBE2F	1.787538915
NR1H2	0.839846795
NAB2	0.069300835
EIF2B5	0.760773468
TSPYL2	0.110310659
ADGRE5	0.58638021
DAP3	1.311311427
BTNL9	0.188289768
PSMD5-AS1	0.370002697
EXOSC2	0.331847406
MPST	0.785995826
SUV39H1	0.741146028
GOLGA2	-0.034602353
LOC101929613	0.022525763
LRCH1	0.213646504
ARMC10	1.827988899
STOML2	0.309715463
CLASP2	0.059144613
MTHFD1	0.655299683
BCL7C	0.645213481
UGT1A1	0.742859281
TBL1X	-0.151916593
SEC23B	1.326939076
MORC4	-0.274063521
MMP14	0.128746135
SAA2	1.413625759
ARL4A	0.92354302
PUS7L	1.148013983
MED4	0.706971566
SUB1	1.689919385
GINS3	0.029837145
ACER3	0.851513651
COPS7A	0.020447822
MITD1	0.911292238
PSAP	-0.346917194
RPL13AP20	0.625284104
EIF4B	0.805408665
RAB11B	0.760773468
CYP4F11	0.40978867
LZTFL1	0.794114053
SPSB2	0.006712594
MID1	0.128746135
VPRBP	0.521264042
FAM127A	0.535129324
METTL17	0.339350517
PLEKHO1	0.158678099
MPG	0.236565411
MAGI3	0.675718296
UTRN	-0.393675188
CTNNA1	0.45976119
PAPSS2	1.390840975
GPR137	0.645213481
TAF5	0.434465483
RNASEH2A	0.45976119
ACVR2A	0.034602353
NDRG1	0.45976119
NAGK	0.302462635
PTDSS1	0.370002697
CNOT7	0.295271406
RREB1	0.851513651
SNRNP70	1.235175449
COPS8	0.434465483
KIF9	2.752748457
PHKB	0.771797224
TRIM7	0.851513651
ACADM	0.246626057
BBX	-0.494473687
GDPD3	0.567396147
NCK1	0.200855605
VPS16	0.476975118
PITPNC1	0.078517848
POLD2	2.113264639
LRP8	-0.100961789
CBX6	-0.625284104
NDC80	0.973560676
GBP3	0.015823175
C4orf48	0.973560676
ACTB	1.092312101
TSR2	0.875133612
HRH1	0.696469539
MTX2	1.709056982
WRAP73	0.331847406
PPCDC	0.354547841
HLA-DQB1	-0.14697962
VPS37B	1.038440013
IL15	0.295271406
RHPN1	0.362242871
KIAA1143	0.911292238
RGCC	0.675718296
AGFG2	0.539491983
COA3	1.423652259
LINC01234	-0.038864585
RUSC1	0.728231854
IPO5P1	0.011244854
SUGT1	0.911292238
CCNY	0.503330961
RAB19	1.051740645
MPDU1	0.393675188
DGCR8	-0.226728358
FBXL20	0.020447822
CDHR5	1.854072332
LINC00923	0.226665137
ARHGEF26	0.635208497
PDAP1	1.911465726
ARV1	2.235011688
TSPAN3	1.11992945
SPG7	0.239914227
VPS41	0.220127185
TRAF3	0.615439684
CHCHD10	1.326939076
ABCF3	0.875133612
CEP192	-0.074452762
KIAA0040	0.887088443
RQCD1	0.948347016
NDUFAF7	0.728231854
SESTD1	1.390840975
DHTKD1	0.45976119
TM2D3	0.960902148
VTI1B	1.807660006
HMGN5	-0.163822822
CKAP2	0.442827998
ARHGAP18	1.561009921
CLDN3	1.374653225
RBMS1	0.059144613
VILL	1.295819437
MGMT	-0.246626057
RNF8	0.309715463
RBM12	0.020447822
STAT2	0.111920452
JADE3	0.771797224
MDH1	0.182090425
MFI2	0.233260703
RABAC1	0.002226135
SEC24C	0.567396147
S100A13	0.163822822
DYX1C1	-0.401698455
SETD6	-0.090207163
SPRN	-0.146829238
ILK	0.615439684
NEAT1	0.100961789
TTLL1	-0.213646504
FXR2	-0.200855605
NDUFA10	0.434465483
WHAMMP1	-0.049183382
DAXX	0.899141018
APOBEC3C	-0.182536128
YIF1A	0.521264042
MZT1	0.331847406
IL4R	0.911292238
CHCHD4	2.563306287
EIF4G2	0.605674627
LUZP6	0.059144613
PSMD3	1.280461447
BRD1	0.442827998
ZNF100	0.049183382
EHD4	0.40978867
DSC2	0.655299683
EIF5	0.948347016
ELK1	1.148013983
RTKN2	0.605674627
ADRBK2	0.07965427
ZNF330	0.558019062
TNFRSF19	0.346917194
PSMB4	0.816795124
URB1	0.163822822
GJB1	1.869286406
RAB27B	0.194544719
CLSTN1	0.151916593
QARS	1.508316608
PTRHD1	1.235175449
STRN3	-0.401698455
CNNM3	1.265235835
CTSL	-0.393675188
AP2M1	0.899141018
GOLGA2P5	2.284549608
BECN1	1.092312101
ARMC1	0.521264042
SNN	-0.370002697
JMJD6	0.069300835
SSTR5	1.133912688
TMEM260	0.45976119
AP5Z1	0.717558772
ARRB1	1.205626048
SERPINB8	0.074452762
MIPEP	1.423652259
RPL13P5	0.065796305
PARP15	0.548717858
COG4	0.887088443
SMN1	0.10641547
ABRACL	0.960902148
ARHGEF19	-0.059144613
SMC2	0.442827998
RPAP3	0.782910497
TMCO6	0.175946367
SLC38A9	0.288141395
CCT3	1.280461447
WDR59	0.426171731
TRA2B	0.40978867
MANF	2.04368332
SMIM8	0.805408665
MFSD5	0.738991517
ARHGAP26	1.543282177
SEC14L2	0.044275202
CD99P1	0.626466982
ZNF644	0.354547841
PLAU	0.034602353
LAMB1	0.377827741
PAQR4	0.738991517
HOMEZ	1.767621741
PLEKHM1	0.324407457
FOXO1	0.213816324
TSEN34	0.309715463
FBXW11	0.134459267
DSG2	0.615439684
TRNAU1AP	0.548717858
LINC00094	0.049183382
SCAMP1-AS1	0.281072224
TMEM145	-0.752210079
ATRX	0.213646504
PHTF1	0.039414949
TAB1	0.095559116
DPH6	0.294859531
NBPF11	0.163822822
ZNF165	-0.201134448
TRIM14	1.374653225
TM4SF19	-1.054542985
CYP4F3	0.805408665
TADA1	0.558019062
SIPA1L1	1.633613171
MBTPS1	0.134459267
DBN1	-0.207222756
COL7A1	0.949761991
CLDND1	-0.049183382
EEF1A2	-0.451259743
GSG2	0.169857272
PDLIM1	1.311311427
PGM2L1	0.401698455
ARID1B	0.686052008
SPCS3	-0.064198212
ZKSCAN1	0.645213481
FAM72B	-0.029837145
TTF1	0.111920452
ZHX2	0.175946367
MAPK11	-0.839846795
SH3D19	0.828274229
NFKBIB	0.960902148
MYRF	0.567396147
RBAK	0.288141395
LEMD2	0.393675188
GUCY2C	1.777294243
GBA	0.426171731
FKRP	-0.169857272
VASP	0.875133612
ZNF45	0.217022628
B3GNT5	0.686052008
RASSF5	-0.331847406
CNTLN	-1.374653225
BTD	0.084905643
GPHN	1.787538915
BUD13	1.869286406
CCDC102A	-0.370002697
FRS3	-0.038864585
GHDC	0.451259743
DYRK2	0.655299683
RIN3	0.025119057
HIPK2	0.084905643
ZFAND1	0.548717858
PCDH7	-0.088915695
SNHG20	0.07965427
PI4KAP1	0
CARS2	0.717558772
SCYL3	0.738991517
EXD3	0.805408665
AFMID	0.354547841
RPN2	0.331847406
RGL3	-0.064198212
TTI2	0.200855605
AK3	0.935894296
CNIH4	0.706971566
RAB5A	1.051740645
HINT2	0.182090425
SDHB	2.928847626
R3HDM2	0.605674627
SGSM2	-0.140225184
RNASEH2B	0.828274229
STK35	0.401698455
INGX	0.442827998
SETX	0.226665137
ST3GAL5	-0.34626296
TMPRSS3	1.508316608
TOR1B	0.393675188
PC	0.090207163
ELL3	0.717558772
GAL3ST1	1.17657595
DUSP4	-0.134459267
ZNF672	0.100961789
CAMTA2	0.429517908
CCDC93	1.012166756
PPM1B	0.151916593
TRABD2A	1.295819437
LIN37	0.503330961
MGC32805	0.665467739
PEG10	0.075949159
RBM7	0.45976119
CNIH1	0.605674627
ZC3H14	0.844347282
ENTPD1	0.539491983
SERPINB6	0.476975118
HOOK3	0.274063521
C1QBP	0.706971566
EGFR	0.020447822
TCEA2	0.615439684
DNAJB6	0.226665137
SLPI	1.012166756
TBC1D31	0.281072224
LINC01011	0.48940008
GOLGA1	0.635208497
ACTR6	0.10641547
ANKMY1	0.246626057
SLC7A6OS	0.887088443
NDUFB9	0.331847406
ZBTB8A	-0.213646504
GMPPA	0.794114053
C20orf196	1.051740645
GNPTAB	0.370002697
DDI2	-0.006712594
C16orf93	0.655299683
ADM5	0.169857272
CTNNBIP1	0.782910497
SLC45A3	0.188289768
AUNIP	0.986323602
TXNL4B	1.578904276
LOC389641	0.567396147
FANCE	0.706971566
NT5C2	0.393675188
TBC1D23	0.10641547
TSPAN15	1.280461447
PDX1	0.494473687
MAP3K5	1.457057749
TPRA1	0.233260703
TMEM179B	0.816795124
MAD1L1	0.728231854
LAMP1	0.805408665
BARX2	0.567396147
NFIB	-0.267114917
KIF20A	0.45976119
PFKFB2	0.645213481
RNF10	1.326939076
RNF34	1.652200557
EIF3E	0.503330961
RAPGEF1	0.295271406
CTXN1	-0.002226135
MIER1	-0.200855605
MYO1E	0.986323602
IGIP	0.430034528
SRPX2	0.949761991
CYBA	0.615439684
SLC35E2B	-0.377827741
FGFR3	0.717558772
COA7	0.426171731
C17orf85	0.434465483
PQLC1	-0.044275202
TMCO4	0.53034089
TNFSF15	0.875133612
CLCN5	0.53034089
PRDM2	0.548717858
RALY	1.633613171
TMEM251	1.326939076
VDAC1	2.04368332
LOC143666	0.274063521
PGAP1	0.948347016
ISY1	0.339350517
HIVEP3	1.012166756
SLC39A3	0.53034089
EPHB2	1.652200557
LRBA	0.567396147
ATPIF1	1.051740645
SRA1	0.426171731
HOXB4	0.220243367
AGO1	0.370002697
PCID2	0.442827998
ANAPC10	0.485688574
UNC50	0.828274229
SAYSD1	0.548717858
PDK3	0.794114053
STRIP2	0.049183382
ARL14	0.571938068
CNOT10	1.191039296
LRRFIP2	1.747904744
BACH1	-0.354547841
HMGB3	0.839846795
GTF2A1	0.728231854
THUMPD3	1.407173341
TOMM22	1.374653225
CRNKL1	1.120489408
CTBP1-AS2	0.111920452
STK10	0.393675188
NUTF2	0.828274229
ESYT1	0.309715463
RNF185	0.1578427
SMIM15	0.828274229
SCD5	-0.288141395
DIO3	0.863275638
ERO1LB	-0.194544719
KIAA0319L	0.46833282
NSFL1C	0.999191949
FAM129B	0.302462635
DNAJB14	-0.521264042
AIMP2	1.220337618
HAVCR1	0.352096452
RPS6KA2	1.191039296
ADPRHL1	0.140225184
NSF	0.385718428
CARD10	0.828274229
CENPH	0.567396147
BIK	0.615439684
LACTB	0.039414949
PDIA3	0.521264042
YIPF6	0.049183382
TACC2	1.17657595
MEAF6	1.491074007
PSKH1	0.605674627
WFDC21P	0.509087673
GPD2	0.567396147
AARS2	0.595988334
IGFLR1	0.686052008
LIF	-0.146044191
TMEM185A	0.128746135
ZC3H11A	0.260226045
SLC25A42	-0.288141395
CYP51A1	0.696469539
CCDC85C	0.696469539
JKAMP	-0.182090425
UFSP1	0.413067132
FARS2	0.253396545
NACC2	0.084905643
MACC1	0.839846795
RNF41	0.512260907
FLVCR1-AS1	0.960902148
LLGL2	0.686052008
TACO1	0.401698455
ZBTB21	-0.095559116
PER3	-0.899145482
CHGB	1.600548204
ADAP1	0.1578427
CPLX2	1.570365453
PLEKHH1	1.709056982
FAM72D	0.717558772
ETV6	1.038440013
STUB1	1.065152103
MRPL54	1.106063001
PGP	0.558019062
FJX1	-1.508316608
FUNDC2	0.567396147
IDE	1.767621741
S100P	1.543282177
ASB16-AS1	0.354547841
CC2D1A	1.133912688
AGR3	1.982925813
SARS2	1.440279714
RMRP	-0.249888228
PNMA2	-0.1578427
ZNHIT2	0.393675188
PSMB1	1.17657595
CEP152	0.134459267
CYB561D1	0.635208497
COX6B2	0.354547841
TUSC2	2.892035953
TRIM26	1.038440013
FAM221A	-0.794114053
ACTN1	0.503330961
PSMA1	1.16223463
CYTH3	0.134459267
HNRNPD	0.839846795
ZNF12	0.442827998
LOH12CR2	0.253396545
C18orf32	0.548717858
HSPA9	0.696469539
ACOX1	0.40978867
TAGLN2	1.827988899
TMEM131	0.92354302
RXRB	0.239914227
DLEU2L	-0.054139761
HSP90B1	0.675718296
ARHGAP11B	0.317030274
ACAD11	-0.002226135
DHRS7	0.53034089
KNSTRN	0.084905643
NPDC1	0.385718428
PRKAB1	1.407173341
ANKH	3.801973132
RNF6	0.220127185
RNF146	0.706971566
CSTF3	1.342704089
SMIM14	0.226665137
SLC35A5	0.083692073
ERCC4	-0.090207163
C15orf48	1.235175449
ADO	0.417946278
ABALON	0.015823175
MYCL	2.161057947
ASB13	1.295819437
FIP1L1	0.749838479
LY6G5C	0.408998965
NBPF9	0.362242871
FAH	0.146044191
STBD1	0.324407457
FGD4	0.973560676
SAT1	1.078675532
PTPN12	1.065152103
CAPG	0.494473687
RBM47	0.717558772
GAGE2E	0.460386117
UBL7-AS1	0.567396147
SEC24A	0.200855605
ZSCAN22	0.494473687
ACP2	-0.059144613
ABCA11P	-0.207222756
TNS3	0.595988334
MRPL51	2.475664498
MACF1	0.054139761
APOBEC1	1.298492629
MISP	1.220337618
SETD1B	0.645213481
TATDN3	0.451259743
BMS1P4	0.45976119
CADM1	-0.175946367
COX20	1.932897564
ORC3	1.342704089
METTL8	0.665467739
STIM2	0.295271406
UFM1	0.655299683
EIF5B	2.475664498
DNAJC15	1.543282177
WASF2	0.53034089
JPH1	1.670968287
LSM8	1.491074007
C10orf12	-0.029837145
CEP68	0.717558772
UBE2G1	0.169857272
HN1L	0.935894296
FAT1	0.194544719
HLTF	0.717558772
ZNF551	0.069300835
TDGF1	2.113264639
EPC2	0.45976119
TFB2M	0.645213481
PPP1R2	0.260226045
PDIK1L	0.346917194
OGFOD1	0.615439684
H2AFY2	-0.169857272
REG4	0.92354302
FERMT2	0.14149968
HSD17B10	0.839846795
POLA2	1.065152103
SEC61A2	0.059144613
DSCR3	0.760773468
INPP4A	-0.054139761
HSD11B2	1.220337618
PTPN18	0.899141018
RNF216	0.362242871
SORT1	0.434465483
SEMA4F	-0.948347016
UNC13B	1.491074007
SBF1	1.191039296
RPL4	0.696469539
C1orf56	0.476975118
EXOC1	1.358608208
EPM2AIP1	-0.029837145
AMPD3	0.1578427
SLC35F2	0.417946278
ARMC5	0.494473687
CLIC1	0.948347016
CSF1	-0.899141018
GDI2	0.494473687
MYL12B	0.738991517
TNFSF13	0.393675188
CKMT1A	0.986323602
EGR1	0.059144613
SAP25	0.56244527
TSKU	0.220127185
ZNF711	0.805408665
TRPM7	-0.034602353
RPA1	0.207222756
FAM219B	0.069300835
TSEN54	0.521264042
UBA3	1.092312101
VEZT	-0.084905643
MXI1	-0.295271406
PPP2R2D	2.210047276
DGKE	0.123085488
ENPP5	-0.059144613
PCDH1	0.442827998
MRPL53	0.816795124
TCF19	0.370002697
TRIM11	0.58638021
CDC123	0.782910497
SS18	0.146044191
PPARD	0.317030274
DNAJC21	1.747904744
ARHGAP11A	0.064198212
MLH3	0.317030274
KANSL2	0.911292238
NSMCE2	0.370002697
ANKRD49	0.717558772
RPL21P28	0.331847406
ITGA7	0.246626057
PLS1	1.633613171
EIF2D	0.175946367
CEP104	0.605674627
ANKRD17	-0.059144613
POFUT2	-0.960902148
AP4S1	0.226665137
CD164	0.665467739
SCCPDH	0.194544719
PDPR	-0.220127185
SLC12A2	0.935894296
DEGS2	0.451259743
LSM3	2.447357175
AHNAK2	-0.738991517
FER	-0.220127185
CDC34	1.747904744
CCDC120	0.794114053
DCP2	-0.309715463
PPIL3	0.839846795
CHD4	0.393675188
L1CAM	0.298427164
DDX54	2.419474562
RRAS2	-0.749838479
TBC1D5	0.434465483
LRRC26	0.346917194
RNF169	-0.090207163
MSRB1	1.16223463
ABT1	0.655299683
TMEM243	0.605674627
IFT43	0.146044191
E2F7	-0.324407457
GTF2H2C	0.794114053
ZSCAN12P1	-0.370002697
OLFM4	0.980072899
RASAL2	1.235175449
PIGY	1.133912688
NETO2	-0.175946367
LTBP1	0.011244854
DUSP16	0.999191949
WDR92	0.151916593
COMMD8	0.123085488
CAMSAP1	0.07965427
MBTPS2	-0.059144613
EIF2AK2	0.100961789
TRIM25	0.494473687
UBA6-AS1	0.090207163
ASPHD1	-0.020447822
TENM3	-0.646679291
C21orf2	1.407173341
LOC101929718	0.117477026
CKS2	1.473988461
BCL11A	1.578904276
SPHK1	-0.074452762
SVIL	1.342704089
GNRHR2	0.696469539
MARVELD3	1.578904276
ALDH3A1	0.548717858
MFF	2.04368332
ZGPAT	0.239914227
COX7B	1.95456405
SEMA5A	1.911465726
APOPT1	1.374653225
COG7	0.911292238
RNASEH1	0.794114053
GINM1	0.107592064
MGST1	0.393675188
SPAG7	1.133912688
YME1L1	0.362242871
KIRREL	0.164437807
FAM20C	0.875757683
FAM122B	0.331847406
SNAP29	0.605674627
HNRNPU-AS1	0.039414949
UNC5CL	0.862367463
TYW5	0.354547841
RAB9A	1.423652259
METAP1	-0.117477026
ZNF124	1.092312101
CENPM	0.346917194
TCTEX1D2	0.220127185
ZNF107	0.339350517
EHBP1L1	0.696469539
EBNA1BP2	1.280461447
CRAMP1L	0.246626057
C1orf52	-0.025119057
TRIM29	1.311311427
VHL	0.503330961
PAN2	0.973560676
PPP1CC	1.078675532
LGR5	1.689919385
EXOC2	0.567396147
SEC24B	0.006712594
GSTA4	0.46833282
CEP97	-0.370002697
GLIPR1	0.239914227
PPFIA3	0.463289928
NECAP2	0.40978867
MSL3P1	0.169857272
TMEM69	0.635208497
CPLX1	0.302462635
KIAA1161	0.749838479
WDR37	-0.100961789
BAIAP3	-0.123085488
LOC220729	0.717558772
HSPH1	0.451259743
ZNF75A	0.175946367
PWP2	0.404948464
NUP107	0.476975118
PROSC	2.311897877
CISD1	2.161057947
SLC30A1	0.280745446
FAM104B	1.548827457
PWWP2A	0.887088443
RXRA	0.820693899
FANCG	0.246626057
FAM200B	1.491074007
PARP2	0.084905643
LEPROT	0.049183382
TTC27	0.1578427
HTT	0.054139761
SATB1	0.256639212
CDADC1	0.334980445
UQCR11	1.747904744
ACY3	1.078675532
C15orf62	0.738991517
C16orf72	0.200855605
VAMP1	0.064198212
RAB21	0.605674627
ASB4	1.070667932
AHSA2	-0.020447822
SMIM19	0.999191949
UPF2	0.253396545
MAP3K9	0.46833282
MT1G	1.520938456
CHD2	0.182090425
DGAT2	0.986323602
COPG2	-0.253396545
HMOX1	0.006712594
IL13RA1	0.309715463
ANKS4B	1.932897564
TGFBRAP1	0.728231854
C11orf24	1.932897564
TAX1BP3	1.358608208
INPP5J	0.53034089
CASC9	0.948347016
BIRC2	-0.346917194
TMEM9B	1.133912688
MIS12	0.213646504
TRIM36	2.089796882
CDH17	1.787538915
MIR4435-2HG	0.377827741
MB21D2	1.038440013
GPATCH8	0.128746135
MED30	-0.1578427
TCAIM	1.508316608
ZNF799	0.213646504
COPS2	0.288141395
RALGPS1	0.816795124
BAZ2A	0.123085488
TXN	0.595988334
SMCO4	1.342704089
NPB	0.188289768
SNX9	1.148013983
ZNF318	0.317030274
CDK18	0.935894296
SCAMP4	0.426171731
LYRM9	0.011244854
FUK	0.92354302
RASSF1	1.827988899
HECTD4	0.595988334
PCCB	0.253396545
GFM1	0.960902148
STARD13	1.11992945
CEP89	-0.146044191
COBLL1	0.625284104
MAP1S	0.794114053
PRR12	0.625284104
CCDC69	0.442827998
RHBDF2	0.696469539
ACYP1	1.11992945
THAP7	0.220243367
DDX11	1.295819437
PCSK6	1.025249084
ZSWIM1	0.887088443
DDX24	0.370002697
SENP8	0.635697271
VPS52	0.696469539
FAM129A	-0.117477026
SHMT2	0.686052008
TOMM5	2.04368332
ZSCAN26	-0.027092133
C15orf41	-0.362242871
SAMD4B	0.426171731
RAI1	-0.006712594
SPIN3	0.426171731
RAB30-AS1	0.917911595
ZFAND6	0.512260907
HAAO	3.325774809
SLC25A29	0.323845333
FAHD2CP	1.16223463
SLC2A6	0.084905643
HMG20A	0.117477026
S100A4	0.451259743
VAPA	0.054139761
TMEM97	0.605674627
H3F3AP4	0.973560676
CES3	0.986323602
VGLL1	0.057436731
FKBP9	0.45976119
TGFB1	-0.494473687
DAGLA	1.205626048
EMC9	-0.020447822
C11orf1	1.295819437
PRRG4	0.58638021
UBE2W	-0.090207163
POP4	0.887088443
COPS6	0.665467739
LAMTOR1	1.295819437
CDK11B	1.508316608
FAM46A	0.675718296
TNPO3	0.805408665
BICD1	0.595988334
TMCO3	0.246626057
ITPRIP	0.512260907
RAB35	1.235175449
TRAF7	1.633613171
C9orf89	0.665467739
SEC31A	0.295271406
MAP2K1	0.074452762
NUDT2	1.95456405
SLC35B1	-0.182090425
SERF2	1.407173341
ZNF639	0.07965427
KDM3B	0.417946278
PHF12	0.426171731
ZFP41	0.111920452
SCARNA7	-0.039414949
DAAM1	0.401698455
GARS	0.194544719
KLHL12	0.233260703
SMPD3	0.317030274
EAF1	0.40978867
PMS2	0.615439684
AGAP1	0.213646504
TRAPPC2B	0.013343409
MAPKAPK3	1.235175449
ADRA2A	0.113154821
NUDT9	-0.393675188
STYK1	0.717558772
ZNF614	0.054139761
PLA2G12A	0.095559116
DOCK5	0.253396545
VAMP2	-0.115786173
FASTK	0.771797224
AOAH	3.643958343
CIR1	0.828274229
GIGYF2	0.503330961
PHF10	0.346917194
NUDT18	0.417946278
SIRT5	1.633613171
PSMB8	1.148013983
JMY	-0.434465483
ABCB8	0.605674627
TIPIN	0.760773468
RMI1	0.476975118
COCH	0.044275202
OGFOD3	0.220127185
USP36	0.233260703
TARDBP	1.191039296
SLC26A3	1.959887314
TRAPPC6A	1.342704089
MCCC2	0.635208497
C17orf58	-0.851513651
SKA2	0.625284104
LPGAT1	0.354547841
ESRRA	1.440279714
ASS1	1.265235835
INTS9	-0.182090425
CD63	0.738991517
PRKRIR	0.111920452
HAUS3	0.233260703
STEAP1	0.1578427
CFDP1	1.092312101
TGFA	0.370002697
FUOM	0.791714705
PDXP	0.074452762
CA13	0.194544719
PIK3CD-AS2	0.358527487
ZCCHC6	0.960902148
POLR2J	2.624196329
ATG10	0.426171731
CFAP97	0.134459267
ATAT1	0.317030274
AKR1B10	0.302462635
ZNF347	0.288141395
REXO2	0.635208497
PMF1	0.851513651
MZT2A	0.645213481
NDOR1	0.625284104
PILRB	0.46833282
FBXO11	0.07965427
MRPL44	1.148013983
NCK1-AS1	1.092312101
ITFG2	1.295819437
CAPS	0.346917194
SMOC2	1.596301979
CDH23	0.576849674
FAM53C	0.064198212
HBEGF	-0.006712594
C1orf226	0.986323602
CCDC103	0.07084843
STRADB	1.11992945
ZNF668	0.625284104
TMEM254	1.615203202
ZBED2	0.78245418
GID4	0.346917194
KIAA1715	0.220127185
KCTD3	0.267114917
EMC7	0
SENP1	0.339350517
RNF115	0.911292238
MED22	-0.015823175
MSANTD2	0.771797224
RNF166	-0.039414949
TACC3	0.839846795
INO80B	1.543282177
ACOT2	0.064198212
ATP8B1	0.655299683
GPR161	0.816795124
POLR2C	0.675718296
C19orf66	-0.140225184
GCDH	0.233260703
CENPJ	0.686052008
SCARB1	0.331847406
CPT1A	1.709056982
CDKN2A	-0.615439684
PFDN6	2.856069611
ASPM	0.339350517
ETHE1	1.280461447
VGF	0.090207163
PRKRA	1.998621852
ZNF69	0.503330961
KLHL7	0.253396545
UFSP2	0.140225184
DDX6	0.401698455
MICAL1	0.816795124
NENF	1.311311427
SUV39H2	0.288141395
GSDMD	-0.044275202
MRPS23	0.331847406
GLG1	0.194544719
SHF	1.051740645
IKZF5	0.911292238
PPP1R12C	1.106063001
FRRS1	-1.457057749
TMEM175	0.434465483
KLHL42	0.816795124
HLA-DRA	0.151667956
THBS1	-0.100961789
CTC-338M12.4	0.260226045
R3HCC1L	0.539491983
CYB561	0.354547841
LOC100128288	-0.015823175
ABHD3	0.354547841
PTPN4	0.025119057
FAM111B	1.508316608
TPPP3	0.342485637
SCRIB	0.401698455
NEBL	1.508316608
EIF3D	1.025249084
PQBP1	1.890263587
NIPSNAP3A	0.01560651
ATP1A1	1.390840975
HK1	-0.128746135
INO80	0.426171731
CYCS	3.21619859
MRPL38	0.426171731
RSPH1	0.911292238
CAMKK2	0.851513651
SCNN1A	0.851513651
PP7080	0.442827998
EPG5	-0.004403237
SMYD5	1.051740645
TEAD4	0.576849674
PLEKHS1	1.311311427
SKA1	0.782910497
RAD51AP1	0.401698455
YIPF3	0.558019062
ST6GALNAC2	0.571938068
NFIX	2.04368332
VSIG10	0.645213481
RP9P	1.615203202
SLC26A6	1.976470347
MXD1	0.309715463
TMEM19	0.200855605
C19orf44	0.295271406
MYPOP	0.128746135
ZNF514	-0.011244854
PPM1A	0.267174382
SLCO2B1	1.484426656
APEH	1.767621741
ZNF485	0.169857272
ARHGEF5	0.494473687
ENO2	-0.548717858
NDUFS3	1.295819437
PLEKHG2	-0.665467739
ACTR2	1.078675532
PSMG4	1.17657595
MYO1B	-0.188289768
MAPK1IP1L	0.875133612
MTERF1	1.295819437
SSH2	-0.039414949
RFC1	-0.140225184
KDM4B	0.485688574
HDHD1	0.260226045
SLC5A3	0
CCT8	0.267114917
ADM	0.548717858
IGF1R	0.169857272
ATIC	0.377827741
F2RL1	0.401698455
MKRN2OS	-0.044275202
EIF4G3	-0.10641547
TIAL1	0.485688574
MRPL14	1.670968287
DDX26B	-0.346917194
SASH1	0.331847406
PAPOLG	0.220127185
ABCF2	-0.169857272
NFE2	0.30149216
ARHGAP44	-0.982347356
SRRM1	0.064198212
FCHSD2	0.07965427
B3GNTL1	0.362242871
JRK	0.07965427
PDSS2	2.185398976
HOXA11	1.390840975
BMP1	-0.151916593
ALG13	0.45976119
LGALS8	0.267114917
HLCS	0.45976119
TNFAIP3	0.309715463
TSSC1	0.717558772
WDR74	0.875133612
RPP38	0.935894296
ABCF1	0.233260703
GLMP	0.558019062
BCKDHB	1.220337618
PREPL	0.377827741
QTRT1	1.149706494
NEU3	0.084905643
ACOT8	1.11992945
IER5	0.749838479
KCNAB2	0.302462635
DENND4B	0.548717858
PUS3	0.911292238
UBE2A	0.794114053
AGTPBP1	0.090207163
MFSD6	0.45976119
THAP7-AS1	0.986323602
TMEM54	1.092312101
DDX50	0.485688574
LCLAT1	0.011244854
GJB3	0.401698455
PPAP2B	0.46759453
NEU4	0.899141018
RABEP2	0.595988334
CRY2	1.250141017
ABCC3	0.706971566
PPP2R4	0.123085488
HSPA1A	-0.40978867
TMEM177	0.749838479
SEL1L3	0.675718296
TNFSF9	0.029837145
FAM83E	1.250141017
CD9	0.805408665
LINC01468	0.108597925
ZDHHC7	0.567396147
ZNF786	0.512260907
EHD2	-1.078675532
MED9	1.16223463
TNK1	0.471917861
POLR2M	-0.07965427
TTK	0.875133612
AP1AR	-0.054139761
MTRR	0.434465483
MYO1A	1.615648626
ZDHHC24	0.188289768
LLPH	1.148013983
SQLE	0.317030274
FAM201A	-0.404948464
FAN1	0.576849674
FUT4	1.440279714
PRELID1	1.747904744
ATP5H	1.670968287
GALNT2	0.706971566
BLACAT1	0.851513651
MYO5B	0.595988334
ADAM9	-0.020447822
BRPF3	-0.011244854
ZSCAN32	0.576849674
RAB11B-AS1	0.635208497
VPS13A	1.051740645
C11orf74	-0.521264042
IFT140	0.049183382
ZER1	0.015823175
TSPYL4	0.354547841
RAD18	1.728384316
FAM118B	1.295819437
RBM45	0.362242871
BAG4	0.074452762
DLX4	-0.06079247
ABHD13	0.274063521
MIER3	0.220127185
CASZ1	1.652200557
SYS1	0.182090425
MADD	0.442827998
UBR2	0.220127185
ICE2	0.117477026
GALNS	0.064198212
DCTD	0.044275202
ATP5J	2.624196329
TYMS	0.011244854
ITGB3BP	0.92354302
FAM71E1	-0.074452762
MPC1	1.265235835
MAP3K6	0.771797224
HSPD1	2.311897877
AGO2	0.331847406
RP9	1.95456405
IGFL1	0.258060259
SLC25A20	0.999191949
UBA1	0.605674627
TAP2	0.370002697
PPAP2A	1.025249084
SH2B2	0.288141395
S100A5	0.161636447
OTUD3	0.548717858
MIR663A	-0.255902268
DSN1	0.393675188
FAM208A	0.346917194
IGSF8	1.220337618
LMNTD2	0.960902148
LOXL4	-0.267768101
PPP1R21	0.442827998
POLR2E	1.709056982
SGPL1	0.346917194
MEF2D	0.476975118
TECR	0.828274229
UGDH	0.034602353
UBR4	0.182090425
PIGZ	0.377827741
TXLNA	-1.235175449
CWC27	0.675718296
CSNK1A1	0.182090425
HNRNPH2	1.280461447
BRWD3	0.635208497
ZFP69	0.521264042
CHST11	-0.048492133
PLGRKT	1.092312101
ALOX5AP	0.869868785
GTPBP6	0.396900169
UQCC3	2.185398976
NUDT16L1	0.675718296
GUF1	0.728231854
HPS3	0.686052008
PM20D2	0.069300835
LRP6	0.503330961
H2AFJ	1.95456405
PICK1	-0.011244854
ZNF232	-0.267114917
TMEM43	0.53034089
SPRR1A	0.345681324
PRR22	0.270322522
PAAF1	1.205626048
N6AMT2	0.485688574
EEF1B2	0.53034089
TMEM65	-0.182090425
HIAT1	-0.451259743
CCDC112	2.021024207
ATP11C	-0.044275202
KRT40	0.843468699
LOC171391	1.95456405
CRACR2A	-0.361538607
RAD51C	-0.288141395
NAT6	1.012166756
AP2A1	0.615439684
NOLC1	1.543282177
ZNF234	0.169857272
MOSPD2	0.377083592
RALA	1.358608208
TLE4	0.207222756
NUDT4P1	1.092312101
CYP27B1	0.267114917
RAB11FIP5	0.485688574
GTF2H2	-0.015823175
CUEDC1	-0.324407457
TFAP2A	-0.494473687
ZC3HC1	-0.078517848
STX16	0.717558772
RBM14-RBM4	-0.100961789
MCM3	0.760773468
OLR1	0.11013115
MED23	0.706971566
MTG1	0.771797224
GGCT	2.426253476
HBA1	0.904587527
RANBP1	0.645213481
FAM122A	0.948347016
SLC9A1	0.53034089
PARP6	1.407173341
IRF9	-0.10641547
CHMP6	0.163822822
RPAP2	0.175946367
PRIM1	1.038440013
DNMBP	0.986323602
STRN4	0.576849674
SDPR	0.65691881
NDUFB6	0.960902148
PNISR	0.253396545
DHX57	-0.188289768
SLC18A2	1.827988899
ASB1	-0.084905643
ATF4	-0.020447822
ATAD1	0.576849674
PPP2R2C	0.820693899
SOWAHC	0.434465483
ERICH1	0.401698455
DDX60	-0.425378351
KLK1	1.256485395
SHFM1	2.210047276
CNKSR3	1.615203202
E2F5	0.302462635
AMFR	0.220127185
TFE3	-0.111920452
HLA-C	0.625284104
DUSP1	-0.210624406
ZBTB2	0.828274229
CKB	1.038440013
YEATS2	0
ACYP2	0.521264042
MAT2B	0.760773468
SRF	1.025249084
LUC7L	0.521264042
ING3	0.417153036
SMIM10L1	0.986323602
SRRD	-0.194544719
GMPR	0.267114917
OAS2	-0.176448312
WBP5	-0.100961789
CXCL3	0.83246771
PASK	0.738991517
FAM43A	0.728231854
CREB3	0.260226045
USP4	1.17657595
OSBPL8	0.163822822
BAK1	0.728231854
ARPC1B	0.92354302
PRDX5	1.976470347
KHSRP	0.999191949
SEC11C	1.133912688
LOC729218	-0.442827998
PPP2R5A	1.038440013
CTPS2	0.717558772
C19orf60	1.148013983
FAM173A	0.45976119
DHDDS	0.034602353
ZNF432	-0.029837145
ANLN	0.494473687
OSBPL2	0.476975118
PABPC1	0.973560676
CCNG1	0.706971566
CUL1	0.655299683
FAM50A	0.816795124
RPL36A-HNRNPH2	0.362242871
DMWD	0.749838479
TUBGCP6	-0.123085488
YWHAH	0.999191949
FHIT	1.038440013
FAM126A	0.084905643
NPM2	0.011091567
NAT1	0.851513651
FRMD5	0.274063521
RPS6KC1	-0.07965427
SYNRG	-0.074452762
ITFG1	0.049183382
SLC38A2	-0.246626057
GLTP	0.385718428
FAM131A	-0.233260703
NUDT5	1.265235835
CLPX	0.1578427
PNRC2	1.280461447
DDX10	0.274063521
LPP	0.317030274
XRCC4	0.074452762
FAM76A	0.377827741
ABL1	0.595988334
ZDHHC4	0.317030274
ZNF254	0.006712594
NECAB3	0.521264042
SMAD1	0.233260703
PNKP	0.911627871
TMED5	-0.006712594
TTLL12	0.548717858
ZSCAN25	0.401698455
APOL1	-0.034602353
STXBP1	0.220127185
MFN1	0.084905643
CHUK	0.295271406
AHSA1	1.807660006
CRISPLD2	0.40978867
ARHGEF12	-0.020447822
TCF7	1.869286406
FADS2	-0.163822822
SEC14L1	0.069300835
SNX30	0.625284104
PTEN	1.326939076
MRPS36	1.133912688
SLC27A4	0.615439684
WIPF2	0.146044191
IDH3B	0.339350517
ACSM3	1.890263587
TNIP2	0.117477026
PUM1	0.635208497
OBP2B	0.920723587
ST5	0.151916593
EVI5L	0.151916593
VDR	2.892035953
RAC3	-0.828274229
REEP6	1.148013983
TM9SF3	0.576849674
IL17RD	0.548717858
ZNF343	2.113264639
TUBA1A	-0.140225184
UBAC2	0.675718296
CDCA7	1.065152103
TGM2	-0.370002697
ZNF33A	0.53034089
DYNLL2	0.728231854
NMD3	0.182090425
PPA2	0.253396545
CCK	0.444736022
EDRF1	-0.10641547
MAP4K3	0.194544719
UGT1A8	1.108649647
PDCL	0.1578427
LONP1	0.53034089
FAM101B	0.200855605
PPP1R9B	0.485688574
MYADM	-0.749838479
C21orf91	0.123085488
ANXA7	0.839846795
RBL2	0.194544719
PNKD	2.563306287
ATP5I	2.533620609
WAC	0.002226135
BRIP1	0.615439684
CCDC167	1.264392928
PCSK5	0.476975118
IPO9	0.40978867
LONRF1	-0.017880905
SRM	0.1578427
DDX3Y	0.168119135
CCSER2	1.423652259
ZNF557	0.1578427
CDCA4	-0.117477026
DRAP1	0.226665137
RRAGA	0.175946367
SNAPIN	1.16223463
WWP1	0.558019062
HIST1H2BJ	0.069300835
MEX3D	0.200855605
PTPN11	0.717558772
NUPL2	1.342704089
AEN	0.146044191
PSMB8-AS1	1.220337618
LINC00458	0.393675188
POLRMT	0.999191949
SGMS1	0.794114053
CALD1	-0.115901972
SLC39A7	0.054139761
APOO	2.326066095
DOPEY2	1.17657595
BTG2	1.280461447
EIF2B5-AS1	0.194544719
RNF26	0.331847406
ANXA5	-0.302462635
TJAP1	-0.039414949
AARSD1	0.039414949
PRPF38A	0.676770122
IRF2BPL	0.064198212
PRR14L	-0.015823175
SLC16A5	0.151916593
HACE1	-0.503330961
MTIF3	0.595988334
C6orf136	1.16223463
HOOK1	0.53034089
B3GALT6	0.40978867
ARHGAP19	0.377827741
SBNO1	0.595988334
ZNF586	0.377083592
ZNF638	0.123085488
ZBTB4	0.476975118
SLC7A8	1.848529634
SESN2	0.288141395
ZNF350	0.011244854
ATP5G3	2.504413057
RHBDD1	0.558019062
ZMYM3	-0.059144613
TMEM14C	0.749838479
BISPR	0.302462635
AP4M1	0.558019062
MOB1A	0.246626057
LINC00476	1.012166756
NET1	0.548717858
TWISTNB	0.393675188
TIGD1	1.596967817
COL18A1	-0.194544719
PRIMPOL	-0.260226045
USP11	-0.025119057
PET100	2.113704819
PRAC1	0.828175838
ASB7	0.512260907
PLD2	0.084905643
PDE7A	0.362242871
WDR90	0.434465483
NSMAF	0.635697271
CYSRT1	0.074452762
G0S2	0.022484343
TCERG1	0.521264042
SCRN3	0.281072224
RARG	0.207222756
RTCB	0.494473687
PAFAH2	1.457057749
PPP6C	0.828274229
UTP20	0.512260907
SNORA27	-0.401353806
CAPRIN2	-0.948347016
MFSD11	0.948347016
PBDC1	0.875133612
TTC1	1.890263587
SPSB1	-0.090207163
HHEX	0.260226045
LOC100133091	0.07965427
GALM	0.738991517
LGALS2	0.351685944
GATAD2A	1.295819437
MTF1	0.020447822
FAM47E-STBD1	0.476975118
CDC42BPB	0.175946367
PLEC	-0.140225184
AGFG1	1.596967817
NRARP	0.782910497
ATAD5	0.039414949
COX8A	1.342704089
IARS2	0.675718296
BCL2L12	0.935894296
XPNPEP3	0.059144613
AES	0.605674627
GRB14	-0.313567722
OCIAD1	0.401698455
ZMYND19	0.485688574
ANKRD39	0.988954518
TPD52	1.508316608
SNHG16	0.182090425
SHPK	0.986323602
MED18	0.521264042
TIRAP	0.749838479
TSSK3	0.353867382
EP300	1.250141017
ANP32E	0.595988334
NAA25	0.117477026
FAM195A	1.615203202
ZNF581	0.155572931
SPATA2L	0.675718296
RANBP6	0.163822822
LINC01605	1.807660006
PLEKHH3	-0.213646504
NUDT22	0.782910497
CDK19	0.503330961
FOSL1	-0.182090425
ARL17B	0.665467739
AK1	0.738991517
RNF141	0.207222756
LSM5	1.17657595
SLCO4A1-AS1	0.253396545
ZMAT2	0.887088443
ACOX3	-0.317030274
TCEB1	0.665467739
MKRN1	1.205626048
SPOP	0.302462635
FUT6	0.1578427
TRIO	0.476975118
RNF216P1	1.561009921
STIP1	0.625284104
ATP5G1	1.633613171
ATP6V1C2	1.525718547
DNAJC19	1.265235835
SRGAP1	0.476975118
FAM32A	0.999191949
PES1	0.521264042
SPATA33	1.326939076
PRDX3	0.233260703
ERV3-1	0.986323602
USP30	1.423652259
KHDRBS3	0.169857272
AMOT	1.092312101
PKP4	0.485688574
CPNE7	-0.049183382
CYB5R3	0.426171731
RPS10	1.148013983
BRAF	-0.220127185
GADD45GIP1	0.361538607
PVRL3	0.665467739
STOX1	-0.022463717
LOC100506990	0.393675188
ARSJ	-0.706971566
ELFN2	-0.1578427
RAB32	0.826567655
MARK2	0.839846795
QPCTL	0.163822822
FBXL19-AS1	0.494473687
BUB1	0.260226045
PANX1	0
ASRGL1	1.078675532
HNRNPM	0.948347016
CORO7	0.665467739
CTDSPL	1.440279714
IER5L	-0.246626057
CHEK1	0.935894296
CDKN2AIP	0.46833282
PLBD1	-0.134459267
MMS19	0.828274229
PCSK9	2.021024207
UBP1	1.038440013
CAV2	-0.253396545
SLC35F6	0.169857272
STAG3L5P-PVRIG2P-PILRB	0.816795124
ZNF322	0.288141395
SPINT1	0.015823175
ZSWIM3	-0.006712594
ATP6V1D	0.548717858
IRS1	0.044275202
SH3PXD2B	0.346917194
PAPOLA	1.148013983
PRRT3-AS1	2.161057947
C1orf198	1.390840975
PLSCR3	-0.027092133
ARHGEF35	0.760773468
SSBP4	1.508316608
ADAR	0.175946367
FAM98B	0.151916593
CCDC150	-0.084905643
PSMA5	1.457057749
WBP2	0.090207163
EPB41L2	1.220337618
GLB1L	0.1578427
DCK	-0.034602353
SUZ12P1	0.239914227
TIPRL	1.235175449
DHX30	0.015823175
CHPT1	1.272339215
DTX2	1.106063001
ZNF592	0.377827741
POLD3	0.749838479
ZNF251	-0.146829238
C1GALT1C1	0.288141395
SLC4A2	-0.146044191
LAD1	1.525718547
ATP2B4	0.123085488
PLCD3	0.782910497
SH3TC1	-0.339350517
BLOC1S5-TXNDC5	0.935894296
CBR4	-0.273781456
DENND1A	1.525718547
CDX1	2.230627068
DEPDC1	-0.1578427
ITGB4	0.635208497
RHOF	0.100961789
CLIC5	1.423652259
NAGPA	0.512260907
FRMD6	-1.002260353
LINC00674	0.207222756
TOB1	1.065152103
OBFC1	0.749838479
PI4KAP2	0.034602353
BMP2K	0.749838479
PEF1	0.194544719
KLF10	0.354547841
TTC4	-0.220127185
FAM20B	0.059144613
OXNAD1	2.973235984
NDUFB7	1.709056982
TTLL4	1.250141017
ADRM1	1.265235835
SELO	0.302462635
PSMB2	0.362242871
USP34	0.039414949
ACTR3	0.805408665
RPS27	1.423652259
CDK5RAP3	0.10641547
RTTN	-0.434465483
PPRC1	0.346917194
STK36	0.40978867
NUDT4P2	0.434465483
AP2B1	-0.188289768
HNRNPR	0.875133612
CYP2B6	1.787538915
VAV3	3.836928051
SNORA48	0.206266645
ANAPC13	1.220337618
HSPA12A	0.576849674
MAGEA3	0.1153618
PTBP3	0.576849674
ADIPOR2	0.728231854
OSR1	-0.339898414
MTMR12	0.675718296
HACD3	0.771797224
DHRS7B	0.863275638
LPIN3	0.213646504
RPLP1	1.491074007
PEX12	0.194544719
TEF	0.039414949
SLC35E4	1.265235835
LAP3	-0.151916593
TMEM115	0.50718847
ZNF641	-0.40978867
CD2AP	0.239914227
ANKRD36BP1	0.10641547
CUL9	0.485688574
PCGF6	-0.084905643
WDR62	-0.011244854
PLK4	-0.200855605
PBX3	0.146829238
RNF121	-0.10641547
UNC45A	0.805408665
DHX36	0.025119057
ZMYM2	0.476975118
ZMAT3	0.146044191
JAG1	0.839846795
PKD1P6	0.760773468
TXNRD1	-0.875133612
ENTPD7	0.123085488
ATP6V0B	0.738991517
HIST1H2BK	0.354547841
CENPI	0.188289768
SLC35E2	0.417946278
SND1	0.665467739
HGD	0.671557034
STK40	0.512260907
NOX1	1.827988899
KLF2	-0.434465483
COX6A1	1.689919385
PBX4	0.724731987
RSAD2	0
TERF2IP	0.576849674
EIF2B4	1.976470347
SRSF9	1.092312101
LOC100288637	0.706971566
CDK5RAP1	0.935894296
UBIAD1	0.385718428
NCLN	0.887088443
CEACAM5	3.085829206
KIAA2018	0.213646504
TRMT2B	0.696469539
ZNF710	0.295271406
TMEM167B	0.728231854
AIG1	0.226665137
PPP4C	0.816795124
TXNDC5	0.615439684
FBXL15	0.370002697
TOM1	0.342485637
BST2	-0.134459267
HERC3	0.369277166
NLK	0.426171731
TIMP4	1.296413284
SESN3	1.374653225
DIS3L2	0.393675188
BAP1	0.696469539
TMX4	0.370002697
ZIC2	0.645213481
DDX23	1.615203202
SRP68	0.015823175
USP22	0.188289768
LYRM5	1.265235835
ZNF207	0.253396545
DPEP1	1.423652259
C1orf106	0.655299683
SNHG5	1.295819437
AKAP1	1.025249084
EIF2A	1.17657595
TMOD3	0.100961789
RTN4	0.100961789
PMS2P2	1.078675532
VSIG2	0.576772513
SPPL2A	-0.401698455
CENPC	-0.805408665
EME1	0.331847406
IGF2BP3	-0.615439684
TCTN1	-0.151916593
ACPP	0.605674627
CEP295	0.512260907
AP3M1	0.92354302
NCKAP5L	-0.814846299
NQO2	0.146044191
GGACT	0.58638021
MAU2	0.346917194
DMKN	0.717558772
DCAF15	0.260226045
ATAD3B	-0.146044191
PF4	2.338364172
MVB12A	0.494473687
PACSIN3	0.58638021
LRRK1	0.749838479
TOX2	0.220480481
SRPK2	-0.111920452
SUV420H1	0.200855605
XK	0.07965427
NDUFS5	2.928847626
GRAMD4	0.839846795
ZNF76	0.049183382
NUBP1	2.392001259
TVP23B	-0.044275202
DSE	-0.213816324
CDK10	0.476975118
RPUSD3	1.525718547
CTNS	0.494473687
TIMM23	1.311311427
CD44	0.717558772
TRAPPC13	0.213646504
NR2F1	-1.407173341
SMG1P2	1.205626048
FLCN	0.665467739
FHL1	0.342485637
LURAP1L	1.543282177
MCM6	0.665467739
NCR3LG1	-0.006712594
MRPL32	1.932897564
JTB	1.670968287
NAB1	0.728231854
MVB12B	0.92354302
MECOM	2.021024207
CXorf40B	0.675718296
ZBED4	0.760773468
DAB2	1.95456405
P3H3	-1.025249084
TMEM189	0.521264042
PPP1R1B	1.827988899
PRPF3	0.948347016
ZNF517	0.354547841
GATS	0.207222756
TBCK	0.434465483
BSDC1	0.295271406
KIAA1841	0.863275638
EML4	0.771797224
DHCR7	1.012166756
HDAC1	0.494473687
UBE2V1	0.760773468
RAMP1	-0.095559116
PSENEN	0.512260907
TP53I11	1.525718547
SBDS	1.596967817
TIPARP	-0.111920452
GYG1	0.521264042
NDRG4	-0.417946278
TAF2	-0.839846795
NUMB	0.887088443
TUBB6	-0.044275202
IFT20	0.385718428
RAP1B	0.194544719
TINF2	0.176448312
MTRF1	0.512260907
EIF3F	0.635208497
TRIM59	0.074452762
SH3PXD2A-AS1	2.089796882
TRAFD1	0.451259743
RHNO1	2.113264639
DOK3	0
TMEM42	0.309715463
RRS1	0.558019062
CTR9	0.370002697
SFXN2	0.615439684
MALL	0.239914227
TRNP1	0.385718428
BCAR3	-0.064198212
LTBR	0.069300835
GHITM	1.95456405
PET117	1.051740645
FAAP24	0.074452762
LINS	0.805408665
MRPL41	1.235175449
DDX19B	0.728231854
CCBL2	-0.1578427
GSAP	1.148013983
CAAP1	1.596967817
CCDC138	0.899141018
TNFRSF10A	-0.521264042
FAM86C2P	1.670968287
PEAK1	0.069300835
HMGCL	0.095559116
TM4SF20	0.953014897
C16orf59	0.451259743
REV1	0.442827998
NUP98	0.317030274
ATF6B	0.40978867
ITPKB	0.239914227
HIST2H2BE	0.485688574
CHCHD6	0.401698455
HDC	0.250375274
TNC	0.091546131
SIM2	1.407173341
MED15	0.207222756
FRG1B	0.973560676
DDAH1	0.645213481
HNRNPU	1.652200557
LOC93622	0.749838479
SMPDL3B	0.548717858
ZBTB33	0.717558772
FKBP9P1	0.749838479
FAM109A	1.652200557
ACSL3	0.288141395
IPO13	0.749838479
PHKA1	-0.182090425
LENG8-AS1	0.645213481
BRPF1	1.347831695
ARHGEF17	-0.760773468
SLC35D1	2.021024207
KRIT1	0.46833282
TM4SF1	0.059144613
TMX1	-0.020447822
ALKBH7	0.771797224
STAG3L3	0.805408665
GBF1	0.385718428
BTBD6	0.233260703
B4GALT7	0.175946367
ECM1	0.863275638
CNPY3	0.92354302
CYP2R1	0.434465483
C8orf4	1.961407382
SETDB2	-0.020447822
MEMO1	1.311311427
MYH9	0.346917194
ARPC5	1.561009921
RRM2	0.451259743
MTRNR2L8	0.567396147
IFNGR2	0.615439684
C10orf2	0.839846795
AMDHD2	-0.494473687
BMS1	-0.095559116
IVD	0.302462635
EDEM3	0.686052008
EIF3A	1.326939076
C1orf122	0.274063521
XAGE1B	0.680527445
NPIPB3	-0.006712594
NINL	-0.316502976
ANAPC15	1.827988899
ABCB7	0.090207163
TRUB2	0.655299683
MRPL4	1.11992945
R3HDM4	0.960902148
ZNF200	0.074452762
CAPN8	1.098936428
BCL2L15	1.358608208
GATAD2B	0.911292238
FAM161A	0.095559116
LAMB3	-0.188289768
ZNF131	0.207222756
TMEM5	7
UPF1	0.339350517
TSPAN7	1.440279714
PCBP4	0.442827998
AAED1	-0.059144613
IFT57	0.999191949
NKD2	1.065152103
PLCE1	1.561009921
XPOT	0.354547841
LYRM1	2.392001259
ANKRD46	0.794114053
PEX16	0.960902148
SAC3D1	1.561009921
DHRS13	0.312855927
ADAT1	0.512260907
AUTS2	1.670968287
ASCL2	1.205626048
FAM53B	1.491074007
CLDN12	0
SCD	0.805408665
ABLIM2	2.447357175
GATA2	-0.451259743
BRF1	0.140225184
PITPNM1	1.250141017
PRKAG2	0.539491983
ANXA3	0.46833282
TTC17	0.274063521
LZIC	0.635208497
SH2D3A	0.650931435
SMYD3	0.295271406
DIS3	0.354547841
EBAG9	1.051740645
RSPRY1	0.370002697
DTX2P1-UPK3BP1-PMS2P11	1.728384316
ADGRL1	0.281072224
COQ6	0.233260703
MANBAL	0.370002697
SYPL1	0.46833282
USPL1	0.426171731
C9orf142	0.760773468
XBP1	0.40978867
CEBPG	0.960902148
LGALS3	2.185398976
SNHG10	1.038440013
CDC14B	0.117477026
TBC1D10A	0.117477026
NFRKB	0.10641547
C22orf46	-0.011244854
KIAA1033	0.253396545
TRIB1	0.246626057
NDE1	0.58638021
XPO5	0.267114917
LOC646762	0.805408665
TSEN2	3.413832665
GPR89A	0.207222756
CYB5D2	0.595988334
GNG4	0.935894296
FEM1A	0.442827998
CTBS	0.117477026
MAFG-AS1	0.534456935
MYLK	1.813683109
PLEKHF2	0.213646504
SNX1	0.46833282
SAFB2	1.998621852
E2F8	0.960902148
CERK	0.239914227
REN	0.862367463
ACTG2	0.619717942
MAFK	0.760773468
NIPA1	-1.390840975
YAE1D1	1.561009921
TMEM171	1.932897564
ARHGDIA	1.051740645
FLNA	-0.140225184
DAZAP1	1.078675532
BAG1	2.338225956
FOXP1	0.548717858
SLC35A2	0.605674627
SURF2	1.342704089
BTBD9	0.309715463
PAPD7	0.346917194
PIK3C2B	0.973560676
ACADS	1.17657595
PIAS1	0.948347016
BCAS2	1.311311427
HDLBP	-0.128746135
WASF1	-0.10641547
FAM73A	-1.191039296
FBXO7	0.911292238
CTDSP1	0.986323602
AGA	-0.239914227
PTPN9	0.302462635
HMGA2	-0.494473687
JUP	0.605674627
TSR3	0.973560676
GOSR1	0.324407457
TSPAN4	-0.875133612
SLC16A4	0.253396545
C2orf68	0.503330961
PFKM	0.717558772
RAB20	0.973560676
TMEM132A	-0.46833282
MIPEPP3	0.839846795
HIST1H4E	0.260226045
HMGN2	0.434465483
CALCOCO2	0.738991517
CISD3	1.491074007
LIMK2	1.106063001
PRICKLE4	-0.090207163
DHX37	0.749838479
DIEXF	0.45976119
RABL6	0.605674627
ARHGAP21	0.201134448
UQCRQ	1.807660006
C16orf87	0.393675188
TGFBR1	0.084905643
RELL1	-0.302462635
KDM5B	0.485688574
RAB34	0.382360675
SCAMP1	0.084905643
MED13L	0.274063521
C1orf210	0.521264042
TTC12	1.025249084
IRF2BP1	0.539071145
SLC38A5	0.451259743
ZNF700	0.417946278
KLHL25	0.92354302
GCA	0.090207163
ODF2L	0.595988334
DEPDC5	1.525718547
MRS2	0.239914227
PTPRR	1.036067293
KDELR3	-0.055836617
PRMT3	0.794114053
SLC39A4	1.065152103
DNM1L	1.491074007
STK38	1.065152103
LIPT2	1.356199149
TMEM248	0.839846795
CCDC53	1.423652259
HLA-DRB5	-0.109677128
LPAR2	0.239914227
MYBL2	1.191039296
LSM4	1.561009921
IFNAR2	1.025249084
ACAP2	0.503330961
LOC101928372	0.655299683
TRMT5	0.370002697
TMEM200A	1.085401724
ULBP3	-0.039414949
DNAJC1	1.17657595
STK32C	-0.146044191
ZNF609	-0.253396545
ATG2A	0.220127185
GGNBP2	0.175946367
TPP2	0.346917194
F10	0.511684033
HEBP1	0.543705439
AEBP2	0.090207163
MGST3	1.220337618
CDK17	-0.084905643
KLK8	0.113042015
MMGT1	0.213646504
CBL	-0.034602353
C9orf64	0.015823175
ARL16	0.354547841
TROVE2	0.140225184
AMIGO3	0.288141395
DUSP12	1.205626048
GALNT6	1.670968287
KDM2B	0.635208497
SLC11A2	1.265235835
MAPKAPK2	1.235175449
COL17A1	1.280461447
AGK	0.960902148
ATP2A3	1.012166756
NGFR	0.029532836
DIRC2	0.226665137
UBA7	0.385718428
OAZ1	0.899141018
FAM89A	0.521264042
ZDHHC16	0.92354302
SRP14-AS1	1.065152103
AK9	1.042923154
BCAR1	0.346917194
TP53I13	-0.267114917
ERCC5	0.401698455
LOC103021295	1.265235835
CLN8	0.267114917
MYZAP	0.558019062
ZNF335	0.576849674
GSTZ1	0.960902148
HERC5	-0.503330961
LDAH	2.485701839
AGPAT6	0.200855605
POLR2L	3.005247115
PRR11	0.851513651
LAMTOR4	1.652200557
TXNDC16	0.302462635
ZNF227	0.194544719
LATS1	0.246626057
DFNB31	0.140225184
PRR13	2.338225956
PARD6G	-0.655299683
ZNF263	0.696469539
RNF223	1.171986892
TAF1	0.346917194
ARID4B	0.503330961
FEM1C	0.58638021
ANKRD22	1.787538915
ZNF302	0.503330961
GPR107	0.006712594
NUP133	0.476975118
POLE4	0.426171731
KNOP1	1.767621741
MT2A	-0.331847406
SCRN1	-0.011244854
BNIP1	0.760773468
ZNF653	0.605674627
TRERF1	-0.576849674
MIS18BP1	1.220337618
AP1G1	0.377827741
CERCAM	-0.365399437
CAPN15	1.670968287
E2F1	0.451259743
PNPO	0.485688574
SLC25A46	0.645213481
MIIP	0.426171731
MESDC2	1.148013983
ZNF48	-0.064198212
BAG2	-0.281072224
SIRT1	0.182090425
GJD3	-0.385718428
ZNF440	0.288141395
ATP13A2	0.317030274
GTF2B	0.401698455
ATP1B3	0.760773468
TIMMDC1	0.295271406
CDC42EP1	0.049183382
FBXL5	0
APCDD1	0.429517908
RGS10	-0.134459267
KHNYN	0.233260703
XRCC3	0.794114053
SNORD83B	0.532249216
DICER1	0.226665137
ZBED6CL	-0.58638021
ENSA	1.374653225
LINC00958	0.782910497
CYP2S1	2.68727
ZFAS1	0.828274229
C9orf156	0.665467739
CPD	0.123085488
MZT2B	1.051740645
MAP2K5	0.868428329
PMS2P5	1.148013983
ORC6	0.426171731
C19orf12	0.07965427
CNBP	0.675718296
S100A10	1.358608208
PPM1F	-0.302462635
AMD1	0.567396147
RPL37A	1.767621741
RARRES1	-0.291307601
MYL9	0.417946278
C10orf99	3.064625083
PPP4R2	0.194544719
MRPS2	0.117477026
ABCG2	-0.07965427
DPAGT1	0.645213481
PSPH	0.417946278
GCFC2	0.377827741
SIK1	-0.044275202
SLC7A6	0.706971566
SNORA81	-0.220480481
ZNF184	0.717558772
ORMDL3	0.899141018
INTS2	0.253396545
SENP6	0.558019062
GABARAP	1.092312101
TRAP1	1.358608208
SLC35B2	0.771797224
IREB2	0.675718296
TNFSF12	-0.029837145
GNG5	1.457057749
MOV10	-0.163822822
TBC1D4	0.173425116
MMS22L	0.58638021
FKBP8	0.059144613
D2HGDH	0.128746135
TMEM38B	0.354547841
SS18L2	1.264392928
TSPAN31	0.07965427
PLP2	1.280461447
PRSS3P2	0.536302917
ZNF37BP	-0.039414949
HELZ2	0.10641547
TASP1	1.295819437
METTL21A	0.728231854
SVIL-AS1	-0.385718428
NADK2	1.890263587
LOXL1	-0.034120894
TAF10	1.092312101
TUBA4A	1.280461447
RTN4RL2	-0.417946278
LMNB2	0.615439684
RFT1	0.973560676
CCDC107	0.426171731
ZNF616	0.188289768
MFSD8	-0.140225184
LYAR	0.728231854
MGAT5	0.839846795
SYNPO	0.635208497
MAN2A2	0.393675188
HIST3H2A	0.485688574
ZNF189	-0.025119057
POLR1D	0.339350517
RNF168	0.494473687
USP19	1.148013983
SERPINA1	0.615439684
XPNPEP1	0.605674627
SRSF1	0.595988334
CCNE1	0.002226135
ANKS3	0.434465483
TMEM211	1.584530374
DPP7	0.548717858
PIGX	0.625284104
ALDH5A1	-0.034602353
ZNF655	0.011244854
EXOSC5	0.717558772
ALS2	-0.635208497
RGS19	-0.274063521
TRNT1	0.512260907
ARHGDIB	1.807660006
COMMD5	0.146044191
NAAA	0.213646504
SLC19A2	0.163822822
RPS9	0.899141018
DGCR14	-0.331847406
PKI55	0.58638021
TAF6	0.655299683
ENTPD5	1.078675532
TMEM184A	0.576849674
GGA1	-0.074452762
KIAA1551	0.370002697
INCENP	0.53034089
NICN1	0.377827741
CTIF	0.10641547
PYCARD	1.685029749
NDUFB10	1.423652259
UBE2D1	1.311311427
LRRC37BP1	0.302462635
MCAM	-0.246626057
RDX	0.084905643
TSHZ1	0.451259743
ZNRD1	1.530186055
TYK2	-0.188289768
VCL	0.401698455
FOXK2	0.494473687
ALKBH5	0.558019062
HNRNPUL1	0.911292238
ACOT9	1.012166756
RWDD4	-0.002226135
DLEU1	1.728384316
N6AMT1	0.229992715
TP53RK	0.331847406
RAP1GAP2	0.576849674
TTC9C	0.771797224
PSMC5	0.794114053
ZNF320	-0.260226045
EAF2	0.911292238
PTRF	-0.377827741
CERS5	0.485688574
EIF4EBP2	1.932897564
AZGP1	1.326939076
PCGF1	0.696469539
GEMIN8	0.738991517
MCM5	0.302462635
DUS2	0.188289768
FKBP4	1.078675532
ATL3	0.044275202
MID1IP1	0.863275638
PROS1	-0.370002697
PLEKHG4	0.034602353
MTOR	0.309715463
SRR	0.451259743
APOA2	0.29994486
ANKRD10	0.213646504
PNN	0.887088443
MTG2	0.512260907
RAPGEF2	0.246626057
CA5B	0.451259743
TRAF2	0.295271406
MOGAT3	1.358608208
TMEM8B	0.204283518
SUGP2	0.476975118
EXT1	0.417946278
CDC26	1.976470347
DLGAP4	0.567396147
NRGN	0.188289768
CERS6	1.311311427
XYLB	1.038440013
MST1	-0.233260703
C19orf70	1.652200557
RPL26L1	1.525718547
GPRC5A	0.635208497
MAML2	1.311311427
CHML	-0.295271406
BOK	-0.377827741
STC2	0.805408665
KIF15	1.596967817
TRIAP1	0.973560676
ECH1	1.16223463
LMBR1	0.213646504
PPP1R14B	0.605674627
AFG3L2	0.485688574
AZI2	0.069300835
DHX38	0.485688574
CDYL	-0.194544719
LINC01184	0.973560676
EGLN3	1.191039296
NFXL1	0.074452762
LEMD1	0.690023051
C11orf49	0.749838479
NELFA	1.106063001
SPTBN2	0.064198212
ZFYVE19	0.401698455
ZSCAN21	0.111920452
FOLR1	0.451259743
SEC62	0.10641547
OSGIN1	-0.163822822
ABCD4	-0.015823175
GXYLT2	0.143941391
ATG4A	0.417946278
GPATCH3	0.682006106
KLF11	0.393675188
MPZL3	0.100961789
PHLDB3	0.794114053
PPM1K	-0.595988334
DHRS11	-0.123085488
TLE2	0.065796305
CCL20	0.886775446
INTS6	0.53034089
L3HYPDH	0.055996095
CELP	1.932897564
SAMD4A	-0.274063521
CCDC132	1.025249084
MCRS1	1.280461447
PHF13	0.064198212
SERPINE2	1.280461447
CITED4	-0.170415665
IGHMBP2	0.117477026
ERN2	0.828274229
HARS	0.548717858
PHLPP2	0.738991517
KCTD11	0.309715463
NEDD8-MDP1	0.548717858
WIBG	1.457057749
OLFML3	0.749838479
TNNI2	0.339114788
ANGEL2	0.377827741
PIGG	0.034602353
SART1	0.839846795
DOLK	0.393675188
NR4A1	0.771797224
LIME1	0
MIR1282	0.427198745
ING5	0.213646504
NDUFAF4	3.654411284
MANBA	0.015823175
LRPAP1	0.128746135
ZNF215	0.129700508
PAIP2B	0.46833282
ZNF341	0.400915555
MFSD10	-0.213646504
ERAP2	-0.095559116
NUP50-AS1	0.539491983
SMG8	-1.11992945
CYFIP2	0.401698455
XAB2	0.401698455
ACTR5	0.069300835
NUP214	0.645213481
CSRP2BP	1.16223463
NCOA6	0.576849674
MAST2	0.887088443
PKD2	-2.137015815
CIAO1	1.311311427
POLR2H	1.106063001
GTF2H1	0.188289768
CLK4	0.433675499
FDX1	1.728384316
GBE1	0.346917194
C14orf93	0.665467739
FAM199X	0.260226045
IPO11-LRRC70	0.503330961
BAHD1	0.686052008
ZNF720	0.567396147
TSSC4	0.558019062
UNC119B	0.58638021
GNAI1	0.006712594
GALE	0.346917194
STX3	0.207222756
KIAA0907	0.717558772
CCDC74A	0.220127185
PHB2	0.92354302
DBI	2.210047276
SNRPC	1.615203202
EPB41L4B	2.04368332
SLC46A1	-0.194544719
CEP76	1.051740645
CDC42BPA	0.096844455
SLMO1	0.175946367
C3orf33	-0.134459267
HYAL2	0.567396147
LENG8	0.485688574
SUPT20H	0.07965427
RILPL2	0.838394204
UGT8	0.151916593
TTC39B	1.049810952
WHSC1	0.521264042
CRTC1	0.442827998
NCAPD2	0.476975118
PEX10	-0.059144613
P3H4	0.140225184
HOXA7	0.069300835
HNRNPLL	0.476975118
NCAPG2	0.645213481
ALG9	0.615439684
FAM207A	1.24078554
APOBR	1.728384316
SLC4A7	-0.220127185
HGS	0.385718428
PYCRL	0.163822822
GRHL1	0.417946278
KCTD9	-0.043654899
RLTPR	0.620661368
CCDC113	0.635208497
FAM162A	1.11992945
ZNF724P	0.220127185
LYPLA2	0.417946278
GLUL	0
DHRS1	-0.346917194
NUDT19	-0.029837145
MBOAT1	0.503330961
GET4	0.188289768
NAMPT	0.331847406
TM7SF3	1.065152103
METAP2	0.025119057
ECI2	-0.140225184
PRKACA	0.887088443
TBC1D17	0.686052008
SF1	0.442827998
COX14	2.311897877
CEMP1	-0.782910497
C1orf116	0.696469539
TP53BP2	0.346917194
GALNT1	2.210047276
MRPL9	0.771797224
FZD5	1.390840975
IRAK1	0.134459267
ZCWPW1	-0.043819425
NDST1	0.226665137
MIR31HG	-0.353867382
GAL	0.011244854
STX7	0.706971566
BIRC5	1.17657595
ZNF493	0.090207163
ACHE	-0.011244854
HDHD2	0.45976119
C15orf40	1.95456405
PTRH1	1.14235016
C1orf35	0.260226045
TPRKB	2.021024207
SCAND1	0.828274229
BTBD1	0.434465483
RPS6KB1	0.020447822
USP13	-0.451259743
COPB1	0
ARID3B	0.782910497
TMEM134	0.738991517
UQCRC1	2.447357175
THAP8	0.421256751
HERC6	-0.58638021
C17orf89	1.051740645
MMP1	0.102599066
GPKOW	1.848529634
CDR2L	0.417946278
SNORA71C	-0.08680663
TRIML2	-0.857577511
IFFO2	0.015823175
MPV17	1.543282177
INAFM2	0.267114917
FAM219A	0.317030274
TESC	1.106063001
GFOD2	0.385718428
VPS37A	0.220127185
HOXC11	0.011244854
TKT	0.567396147
TRIM44	0.117477026
LSR	1.561009921
UBAC1	1.615203202
SLC19A1	-0.002226135
IDI1	0.220127185
RNASET2	0.948347016
MBTD1	0.246626057
PPT1	0.034602353
INSR	0.163822822
SPECC1L	0.117477026
TSPAN14	0.07965427
CDK13	0.503330961
FOXO4	0.140225184
CD55	0.084905643
ITGB8	0.576849674
C2CD2L	0.58638021
MRE11A	1.078675532
AKIP1	0.749838479
FLJ46906	0.525288409
ISG20	-0.123085488
LPIN1	0
NEDD9	0.558019062
GRB10	-0.370002697
LOC102467081	0.346917194
KCTD18	0.034602353
HAS3	0.960902148
METTL6	0.442827998
EPHA1	0.576849674
NBPF3	0.117477026
SNHG18	2.10071235
RPS13	1.250141017
WDR34	0.309715463
GPS2	1.051740645
HIBADH	0.696469539
DPY30	0.851513651
ATP5J2-PTCD1	0.948347016
SIAH1	0.434465483
TMEM133	1.17657595
C19orf52	0.442827998
RASA4CP	0.317030274
ACP6	0.182090425
PPIL4	0.362242871
PIDD1	0.274063521
CBR3	0.084905643
TBC1D8	0.948347016
CENPE	0.188289768
RIBC2	0.253396545
TRIM3	0.385718428
USP35	-0.090207163
TNS2	-0.377827741
NFYA	0.200855605
EIF5A	0.434465483
ETV3	0.354547841
NAPB	0.309715463
ADM2	0.146044191
MRPL46	0.521264042
RASA4	0.020447822
P2RX4	0.451259743
SPRED2	0.346917194
HNMT	1.890263587
RABGAP1L	0.728231854
SERPINB5	0.960902148
MANSC1	1.133912688
SNAI1	0.548717858
RAB25	0.851513651
CAPZA2	0.220127185
PTMS	2.235011688
SMIM13	-0.281072224
NEURL4	-0.039414949
CHID1	0.548717858
UBE4A	0.146044191
TM9SF2	0.426171731
CTDSP2	0.645213481
NNT-AS1	0.828274229
WDR6	-0.07965427
ZNF324B	0.442827998
OSBPL3	0.728231854
LINC00673	0.393675188
MCPH1	0.029837145
CD46	0.760773468
SAAL1	0.370002697
MPP5	-0.111920452
CANX	0.686052008
MALT1	0.385718428
LOC728743	0.794114053
HSD17B8	2.447357175
SLX1A-SULT1A3	0.339350517
ARIH2	2.752748457
CHD1	0.973560676
IFITM3	0.558019062
SMCHD1	0.034602353
GRAMD1B	0.471917861
PKD1P1	0.521264042
FAM35A	1.807660006
CLCN2	1.133912688
ZNF473	0.207222756
AKR1C2	0.539491983
POMT1	-0.049183382
PALM	0.478020152
SLC12A4	-0.288141395
HNF1A-AS1	1.092312101
KANK2	0.281072224
FAM213B	0.331847406
RAB17	0.911292238
SENP5	0.069300835
FAM110A	0.558019062
SERPINH1	-0.267114917
ID1	-0.274063521
CNTNAP2	0.794114053
ALPPL2	-0.128746135
SDCCAG8	0.53034089
BASP1	0.350630853
RPS19BP1	0.53034089
FHDC1	1.078675532
TPST2	0.735650533
MAPK12	-0.911292238
NOL10	0.485688574
UBE2D3	0.069300835
POLR3G	-0.309715463
INSIG2	-0.07965427
LINC00665	0.370002697
TYW3	-0.45976119
OTULIN	0.605674627
DOCK9	0.771797224
KMT2C	0.140225184
DGKQ	0.605674627
SECISBP2	0.645213481
ASMTL	-0.064198212
RAB10	0.512260907
FBXO38	0.128746135
SPRYD4	0.58638021
TMTC4	0.58638021
ZNF358	0.169857272
GLIS3-AS1	0.08579419
EFNA3	0.728231854
VPS13D	0.220127185
SLC27A3	0.049183382
CCDC51	1.440279714
TRIM24	1.543282177
ZNF623	-0.020447822
FLJ42627	0.084905643
PQLC2	-0.426171731
BDH1	0.362242871
CD82	0.738991517
ZNF226	0.260226045
EIF2AK4	0.07965427
LOC100129434	0.385718428
BET1	0.274063521
STRIP1	1.311311427
PA2G4	1.561009921
PIN4	1.848529634
RPL7	0.794114053
PFAS	0.095559116
CHURC1	0.169857272
ATP6V1G1	1.652200557
ZNF761	-0.339350517
BLOC1S1	1.767621741
ITPRIPL2	0.226665137
MEF2A	0.442827998
PSME2	0.749838479
PIK3CA	0.064198212
TMEM116	0.485688574
POLR3B	0.92354302
ZNF510	0.123085488
ZBTB17	0.805408665
KDM4A	0.090207163
WDR44	-0.451259743
UQCR10	1.525718547
PAIP1	1.473988461
ISG20L2	1.525718547
TRMT10C	0.295271406
ZNF444	0.426171731
SPSB3	0.266878887
MRPS22	0.986323602
GOLGA4	0.220127185
GID8	0.302462635
ABCD1	-0.260226045
PHF6	0.233260703
KLHL21	-0.816795124
DYRK1B	0.53034089
ATP5E	1.615203202
ALDH3A2	0.442827998
COA6	1.561009921
ZBTB22	0.339350517
AP3S1	0.635208497
COG5	0.346917194
ZNF775	0.393675188
HIBCH	1.358608208
HAUS8	1.998621852
IK	1.11992945
GLRX3	0.175946367
AAMP	1.407173341
ZFPL1	1.265235835
BICD2	-0.163822822
CORO1C	-0.10641547
WARS2	0.665467739
KIFC2	0.117477026
DCAF7	0.370002697
CRHR1-IT1	-0.309715463
SCLY	2.419474562
LGALS7B	0.526675889
STMN3	-0.459003974
TMEM259	0.163822822
PLEKHJ1	1.440279714
CASP3	0.675718296
KBTBD11	-0.281072224
HOXB9	0.207222756
TESK2	0.288141395
FAM175A	-0.07965427
DBT	0.07965427
COQ10B	0.53034089
SETD3	1.051740645
NOL9	-1.220337618
TRMT12	0.625284104
NIPAL1	0.948347016
PLA2G4F	0.92354302
CLPP	0.686052008
FAM86B1	0.485688574
LINC00685	0.027142195
SAE1	0.476975118
NSL1	0.226665137
WBP1	0.194544719
AMOTL2	0.029837145
MYH14	0.816795124
GBP2	0.717558772
MRM1	0.576849674
PIGBOS1	0.362242871
NEDD8	1.932897564
RER1	0.207222756
CCNG2	0.07965427
AAR2	0.595988334
RRP15	0.434465483
TMEM187	0.92354302
WHAMM	0.92354302
PRSS3	0.655299683
SGK3	0.635208497
DSG3	0.851513651
CRIP2	-0.194544719
UBASH3B	-0.354547841
MORF4L1	-0.011244854
RPL5	0.973560676
NFIA	0.260226045
FAM208B	-0.521264042
UFL1	0.239914227
OGG1	1.265235835
CD109	-0.134459267
GYS1	-0.044275202
KIAA1191	0.451259743
ELFN1-AS1	0.220127185
STX8	0.512260907
SFMBT1	0.346917194
TNFSF10	0.999191949
AP1B1	0.635208497
LINC00507	0.948347016
ESRG	0.728231854
RPL14	1.689919385
DPH7	0.084905643
TAF13	-0.049183382
PPP1R12A	0.10641547
CHST13	1.689919385
GNB2	0.393675188
LYZ	0.370002697
ZNF622	1.423652259
SAMD9	-0.317030274
SLC25A1	-0.034602353
KDM5A	0.011244854
IMP3	0.494473687
ERI1	-0.029837145
RHBDL1	0.862367463
CEP131	0.512260907
GRHPR	0.635208497
ACSF2	0.128746135
EIF2AK3	0.134459267
HOXA9	0.816795124
IST1	0.274063521
TIGD2	-0.163822822
SLC16A6	-0.408998965
C12orf66	1.689919385
LARP4B	0.302462635
MAGEB2	0.583007009
WFS1	0.576849674
NUP62	0.134459267
FAM210B	0.226665137
UNC5B	0.377827741
HBP1	0.044275202
FAM149B1	0.576849674
TRIP6	-0.548717858
SLC35B4	-0.863275638
TMEM53	1.473988461
PROSER3	0.502712377
INVS	-0.059144613
HCFC1	0.451259743
PBLD	0.539491983
LOC100134868	0.309715463
CCDC22	0.615439684
SOGA1	0.134459267
SF3B1	1.807660006
ARSA	0.58638021
VPS53	0.999191949
ZNF567	-0.100961789
CYB5R2	1.157097909
SLC2A4RG	0.595988334
CENPK	0.281072224
PSRC1	1.390840975
EGLN2	0.863275638
TMCO1	0.615439684
ZNF321P	0.015823175
EIF2B2	1.709056982
CHPF2	-0.281072224
PDS5B	0.675718296
UBL3	0.434465483
RAB36	0.302462635
MAD2L2	0.10641547
DCAF13	0.58638021
CCT6P3	0.595988334
TMLHE	0.281072224
ATMIN	0.370002697
TM2D1	0.194878806
TLDC2	1.358608208
STS	0.362242871
MUL1	-0.132522385
ADAMTSL5	0.494473687
TMEM110	-0.002226135
POLR3E	0.706971566
TAOK2	0.655299683
LATS2	-0.090207163
UBA52	1.998621852
HGH1	0.393675188
SLC25A25-AS1	1.205626048
HMGN3	-0.069300835
GATA2-AS1	-0.339350517
SLC15A4	0.064198212
ATL2	0.295271406
TMEM184C	0.074452762
CHRNA5	0.839846795
RNF130	1.440279714
IL18	0.163822822
RFX5	0.025119057
ATP6AP1	0.175946367
ASPH	-0.207222756
CD59	0.002226135
MIF4GD	0.805408665
HTATSF1P2	0.567396147
YES1	-0.40978867
RAD50	0.46833282
PAWR	0.309715463
PSMG3	0.851513651
RPL3	0.346917194
ZNF274	0.317030274
GAGE8	-0.034526006
KLF9	-0.233260703
FBRSL1	1.827988899
DNMT1	0.239914227
RAPH1	0.863275638
TMEM14A	0.46833282
PKIG	0.476975118
RCC1	-0.064198212
ENC1	-0.059144613
PMM1	0.10641547
EMILIN2	0.717558772
TMEM25	0.61074619
ITM2A	0.495474971
JARID2	-0.07965427
TET3	0.220243367
SCAF1	0.645213481
NR1D2	-0.07965427
ZNF408	0.302462635
RASL11A	0.816795124
PMVK	0.370002697
THAP11	0.863275638
PDF	1.407173341
KIF3B	0.194544719
IBA57	-0.006712594
ADCK4	0.485688574
HIST1H2AE	0.543705439
BTG3	-0.295271406
TAX1BP1	0.213646504
TRAPPC2	0.595988334
IRF6	0.728231854
TMPRSS2	1.865155142
CCDC57	0.233260703
RPL13	0.539491983
PMF1-BGLAP	0.401698455
ATPAF1	1.250141017
COPE	0.839846795
HOXB8	0.738991517
YIPF1	0.377827741
CCNT1	0.200855605
HSF1	0.169857272
HIRA	0.324407457
CRADD	0.656054042
FXYD2	0.855639966
EGLN1	0.442827998
NUF2	0.494473687
DBF4	1.342704089
CLYBL	1.596967817
HDAC6	0.485688574
MRPL39	0.686052008
ICT1	0.863275638
LOC100419583	0.635208497
MTERF4	0.095559116
C10orf76	1.191039296
TMEM180	0.10641547
MAF1	0.717558772
UFD1L	0.40978867
RUNX1	0.442827998
SBSPON	-0.220127185
TAF1D	0.442827998
SUMF1	0.090207163
SDE2	-0.140225184
FBXL8	0.476975118
NKRF	0.267114917
MRPS11	0.625284104
SSBP1	2.021024207
EXOSC7	1.561009921
MXD3	0.401698455
RPL23AP64	-0.123085488
ETF1	0.123085488
SLC4A3	-0.117477026
CHRAC1	0.339350517
ATG5	0.899141018
MAZ	0.317030274
NEU1	0.1578427
AKAP11	0.451259743
RBBP5	0.539491983
FOXK1	0.339350517
DEDD2	1.092312101
BAG6	0.362242871
SIPA1	-0.207222756
LAMTOR5	1.596967817
COBL	0.935894296
MAK16	-0.163822822
SMG1P7	1.280461447
AGPAT1	-0.494473687
MTTP	0.533888339
GOT1	1.890263587
UBE3C	0.567396147
RNF145	-0.434465483
SRP14	1.652200557
N4BP2L2	0.117477026
ZNF771	0.650931435
PCP4	0.599876981
MTMR11	0.782910497
PPP3CB	0.426171731
LINC01315	2.863216841
CBX5	0.385718428
MIR100HG	-0.818131822
TTI1	0.274063521
DRAM1	0.169857272
FAM216A	-0.899141018
QTRTD1	0.034602353
LRRCC1	1.767621741
CDK6	0.281072224
METTL15	0.317030274
TRAM2	-0.220127185
PRAME	0.073463516
ZNF587B	0.362242871
TXNRD3	0.024772207
FBXL4	0.134459267
HNRNPH1	0.354547841
PARD6A	0.034602353
ZNF768	0.828274229
DDX3X	0.696469539
ZCCHC17	1.561009921
OASL	0.207222756
NNT	0.512260907
SEPT7P2	0.615439684
FBXL12	0.426171731
ZNF79	0.381012426
CUL3	0.851513651
VGLL4	0.863275638
FDXR	0.494473687
NAA15	-0.377827741
TIMM44	1.374653225
ARHGEF40	0.605674627
TERF1	0.451259743
TTC9	0.45976119
DCAF6	0.635208497
ANAPC16	1.220337618
NDNL2	0.049183382
TRAF3IP2-AS1	0.40978867
HPS4	0.655299683
SUPT7L	0.539491983
CLSPN	-0.169857272
TLCD1	0.625284104
UHRF1BP1L	0.615439684
PERP	0.548717858
PTGR1	-0.33872482
PARPBP	2.504413057
FAM131C	-0.038864585
IPO5	0.069300835
ABHD16A	0.749838479
TMX3	-0.346917194
INAFM1	0.999191949
DPP8	0.295271406
BCKDK	-0.146044191
TMEM154	0.986323602
LMAN2L	0.069300835
ZNF398	0.875133612
PLA2G4A	-0.281072224
SDHAF3	2.185398976
SDSL	-0.134459267
TMEM37	0.442579777
DMTN	1.374653225
KIDINS220	0.226665137
FKBP10	-0.050928439
BBS1	0.226665137
ACTR1B	0.839846795
C19orf54	0.146044191
C1orf216	-1.596967817
TDRD7	0.635208497
C1orf109	-0.049183382
FAIM	-0.015823175
LCORL	0.655299683
FUCA2	-0.054139761
SNX7	0.760773468
RAVER2	0.302462635
AGO4	-0.111920452
GGT7	2.185398976
IFT27	0.354547841
EPS8L2	0.805408665
MCM4	0.015823175
HOXB2	-0.185600844
ZNF24	0.084905643
MTA2	0.771797224
ZNHIT3	-0.025119057
SLC40A1	0.839846795
PAK1	0.828274229
NUMA1	0.309715463
C11orf73	0.763372381
IFT46	-0.006712594
MRPL18	2.96656285
STXBP2	1.17657595
COL9A3	-0.576849674
FYTTD1	0.194544719
ARHGAP17	0.401698455
SOS2	0.675718296
PRRC1	1.191039296
PHGDH	-0.239914227
HTRA2	0.417946278
ALDH1A1	0.53034089
IGFBP7	0.568237643
GPRIN1	0.163822822
INHBB	0.502712377
PCK1	1.854072332
SYP	1.049810952
LINC00261	1.347831695
RCOR1	-0.074452762
TEKT4P2	-0.151916593
RBM17	1.265235835
SERINC5	0.260226045
ZNF507	0.10641547
PHIP	-0.1578427
ANKHD1-EIF4EBP3	0.760773468
ALG5	0.45976119
RRAGC	-0.140225184
FTSJ2	1.578904276
NOC4L	0.521264042
UCHL5	1.220337618
TIA1	0.605674627
CYP39A1	2.164770389
EFTUD1	0.548717858
SNAPC3	1.078675532
RPL7A	0.760773468
RABGGTA	0.220127185
RNF43	2.021024207
DHFR	0.986323602
C17orf62	0.146044191
VMA21	0.401698455
RAB24	0.008850947
IRF5	0.081098806
TIMM17B	0.911292238
APTR	1.11992945
SRPR	0.207222756
RABEP1	-0.034602353
PDE4DIP	0.828274229
RPP25	0.887088443
C11orf84	0.503330961
SCPEP1	-0.385718428
DUSP5	-0.302462635
ALDH4A1	0.117477026
TOP1MT	1.078675532
UHRF2	0.686052008
MAP2K4	-0.069300835
ACADSB	0.169857272
EMG1	2.113264639
MAP7D3	0.002226135
MMD	1.374653225
MT1E	-0.417946278
RBFA	0.548717858
RBMX	0.567396147
TAF4	0.986323602
MSX2	0.354547841
ABCB9	-0.054139761
TSPAN17	0.309715463
AFG3L1P	-0.134459267
LITAF	0.146044191
LMBRD1	0.512260907
PMPCA	0.025119057
TPM3P9	-0.146044191
BBS7	-0.377827741
CC2D2A	0.111920452
HBA2	1.038440013
PDK2	0.485688574
ZNF512B	0.140225184
OBSL1	-0.135357368
PLS3	-0.029837145
NBPF1	-0.233260703
MTERF2	1.078675532
CCDC97	0.828274229
KDM1A	0.377827741
NEK9	0.059144613
ORAOV1	0.426171731
CETN3	0.123085488
MYEOV	0.188289768
YJEFN3	0.029837145
MINA	0.401698455
FOXO3	0.401698455
GLCCI1	0.253396545
SNORA31	-0.061025391
MAP3K8	0.200855605
PITPNB	0.53034089
TDP2	0.863275638
ACTR3B	0.354547841
STX17	0.53034089
NHLRC3	0.512260907
MOCS3	0.442827998
ABHD14B	1.358608208
SNX18	-0.288141395
IMMP2L	1.827988899
TGFBR3	0.309715463
CAPNS1	1.17657595
CDC7	0.117477026
COPB2	0.521264042
TFEB	0.839846795
ZRANB2	0.274063521
EZH2	0.665467739
NEDD4	0.006712594
ZKSCAN3	-0.10641547
GTF2IRD1	1.633613171
NDUFA4L2	-0.208113398
C19orf48	-0.006712594
TNPO1	0.434465483
SAP30	0.911292238
EDEM2	0.434465483
MGAT2	-0.140225184
FUBP3	0.512260907
ZNRF2	1.615203202
PEX1	0.220127185
WDR33	0.200855605
TUSC8	0.970209252
PCNP	0.655299683
NPIPA8	0.576849674
LMCD1	-0.002226135
SLC6A8	0.370002697
MAGEA12	0.385557471
ASNS	-0.331847406
APOA1BP	1.11992945
ZMYM6	0.146044191
EHMT2	0.331847406
EIF4E	0.146044191
SESN1	1.596967817
CCDC90B	1.148013983
C2CD2	-0.011244854
JUN	0.029837145
GOLGA2P10	0.485688574
CCDC115	0.863275638
TADA2B	0.295271406
ITPKA	0.635697271
MRPL11	1.596967817
AP3M2	0.044275202
PDGFA	0.421256751
GRIPAP1	0.58638021
RPN1	0.182090425
PCSK1N	0.277169004
NUP210	-0.163822822
ATP1A3	-0.100961789
UTP14C	0.200855605
ST6GALNAC4	-0.011244854
FEN1	0.828274229
DDX59	0.273781456
CCL28	0.576849674
CLPB	0.281072224
BDH2	-0.331847406
TBC1D24	0.46833282
ADAM19	0.485688574
GUK1	0.385718428
NPSR1	-0.062605982
TXNL1	1.491074007
DGKD	1.078675532
SZT2	0.151916593
MAP4K4	-0.274063521
SNHG7	0.851513651
FHOD1	0.095559116
MAGI1	0.655299683
BRD8	0.58638021
ARRDC1-AS1	0.675718296
FGFR4	1.457057749
F11R	0.295271406
BRD7	0.973560676
LIX1L	-0.377827741
CTGF	-0.039414949
F8A1	-0.111920452
MARCKS	0.558019062
UVSSA	0.246626057
ZC3H7B	-0.151916593
TUFM	0.887088443
C17orf75	0.233260703
TMEM192	0.728231854
LINC01057	0.771797224
TTC8	0.267114917
STX19	1.311311427
NES	0.207222756
FNBP4	1.092312101
PRDM15	0.485688574
TEX261	0.760773468
PLAA	1.543282177
HIST1H2BG	0.361538607
MBOAT7	0.175946367
TSPAN9	-0.324407457
ZNF252P	0.442827998
ZNF823	1.191039296
ROBO1	-0.309715463
ZKSCAN8	-0.151916593
GNL3	2.364922877
UBE2L6	-0.054139761
TNKS2	0.728231854
ITPK1	1.869286406
PSPC1	0.558019062
RPS6KA1	1.235175449
PKDCC	0.571938068
GLDC	0.582391264
CEP350	0.288141395
COLGALT2	-0.185796205
TMEM2	0.485688574
SRGAP2	-0.090207163
SLC25A37	0.059144613
RPTOR	-0.064198212
NPHP4	0.346917194
CCHCR1	0.054139761
DFFB	0.45976119
OSER1	0.309715463
GLTSCR1L	0.839846795
NUAK2	1.106063001
PEX3	0.809024718
GGH	1.807660006
ZNF511	1.092312101
GPX3	0.194544719
DDT	0.935894296
GPR108	0.10641547
RMI2	0.960902148
MRPL37	0.605674627
RNU1-13P	-0.188679496
MEN1	0.706971566
MAP3K4	0.40978867
MET	0.40978867
PNPLA8	0.169857272
DDIAS	0.655299683
DTX3L	0.442827998
UBE2B	0.986323602
MED21	1.311311427
HK2	0.331847406
SZRD1	1.133912688
CST1	0.485598792
DENND4C	0.899141018
TTR	0.308277254
C9orf91	-0.169857272
RAB3D	0.503330961
DACH1	1.413625759
MIEF1	0.782910497
PRAP1	0.665467739
ZBTB1	0.07965427
HNRNPA1L2	0.655299683
ATG7	0.576849674
NRP1	-0.377827741
CUL2	-0.281072224
ARFGEF1	0.253396545
TXLNGY	-0.32375973
ZDHHC8	-0.054139761
SBK1	-0.059144613
FGFBP2	1.855144878
LINC00483	1.473988461
TOR1AIP2	-0.207222756
TM4SF18	0.587809017
MATN2	0.1578427
TSTD1	0.749838479
VWA2	0.887088443
SLC12A7	0.377827741
FBXO22	0.655299683
KLHL18	1.16223463
ACTR3C	0.213646504
PPP1R15B	0.175946367
ARHGAP23	0
NDUFS2	1.205626048
SPR	0.605674627
ARPP19	0
ANKRD54	0.451259743
NKIRAS1	-0.188289768
C3orf58	0.948347016
CNEP1R1	0.044275202
SEMA4G	2.752748457
MTFR2	0.706971566
ACSL1	0.738991517
SPTSSA	0.911292238
FGFR1	-0.044275202
SUN1	0.260226045
SLC25A23	0.948347016
WDR82	1.191039296
PDHA1	2.185398976
CHD7	0.948347016
KRAS	1.133912688
LGMN	-0.377827741
APAF1	0.451259743
ATP5B	1.670968287
ANKRD52	0.503330961
TRIM39	0.267114917
LOC642846	0.331847406
NUP54	0.370002697
NLE1	0
COX4I1	1.633613171
BRIX1	0.476975118
EIF4ENIF1	0.760773468
ZDHHC23	0.999191949
SLC25A17	-0.986323602
SETD7	-0.220127185
XAF1	0.331847406
TUBE1	-0.451259743
MCU	1.280461447
PGBD1	-0.655299683
MTMR10	-0.059144613
CTDNEP1	1.106063001
CLDN2	0.521264042
TFF1	0.567904282
RIF1	-0.07965427
PON3	0.816795124
MYO15B	1.767621741
SHISA5	0.948347016
LOC101930071	0.0201851
BIN3	1.311311427
IMMT	1.530186055
MT1M	-0.08579419
ITFG3	0.986323602
SLC20A2	0.029837145
DVL1	-0.025119057
LIMCH1	-0.169857272
EID1	0.309715463
TRIM62	-0.123085488
HERC1	0.128746135
ABHD15	0.10641547
CISH	2.563306287
FGD5-AS1	1.065152103
UQCRH	1.787538915
FOCAD	0.558019062
GTPBP1	0.46833282
EDF1	1.747904744
MTFR1	0.58638021
COX6B1	2.089796882
OPTN	0.253396545
PCSK7	0.426171731
ENTPD4	-0.281072224
IFNGR1	0.188289768
LOC103344931	0.100961789
PRPF40B	0.625284104
WDR41	-0.401698455
C14orf166	2.04368332
LAMC1	0.034602353
MAP7	1.390840975
RPS5	1.012166756
BPTF	0.295271406
FGD3	0.302462635
ID4	0.20531154
C17orf100	0.459003974
RTCA	1.17657595
SF3B5	1.280461447
ASL	1.025249084
UBL7	0.40978867
PAK2	0.417946278
ANKRD32	-0.054139761
NKAP	0.385718428
DUSP6	0.986323602
DNMT3B	-0.10641547
VSNL1	3.005247115
AMMECR1L	0.084905643
TAB2	0.059144613
SHQ1	1.543282177
CKAP2L	0.239914227
YARS2	0.039414949
SLC2A11	-0.317030274
ZMYND8	0.362242871
ATF5	-0.377827741
GNPNAT1	0.863275638
SIN3A	0.717558772
DTL	0.485688574
MAGED1	0.064198212
IRF7	-0.069300835
PPP1R3E	0.696469539
ZNF34	0.377827741
EFCAB7	0.140225184
SIPA1L2	0.034602353
OSBPL5	1.311311427
NGLY1	0.163822822
CCDC125	1.525718547
CKMT2-AS1	0.451259743
INO80E	1.025249084
PSMD13	1.038440013
NIPBL-AS1	0.246626057
PIN1	0.539491983
RAD9A	1.295819437
MKNK2	0.123085488
C2	0.40978867
EFNB2	0.839846795
ARL13B	-0.233260703
KAZN	-0.401698455
IGF2BP1	1.164524632
TIGAR	0.717558772
MED29	0.200855605
RRN3	0.935894296
ETNK1	0.605674627
LY6G5B	0.049183382
S100A2	0.054139761
FAM73B	0.377827741
ABHD10	0.175946367
TNPO2	0.117477026
ZNF296	0.763372381
SWAP70	0.025119057
NMNAT1	1.374653225
B3GNT3	0.539491983
BRK1	2.364922877
TKFC	1.148013983
C9orf114	0.434465483
CCAT1	0.401698455
DUT	0.163822822
TTC32	0.46759453
TMEM141	1.16223463
KDELR2	0.986323602
RBM8A	0.828274229
RPS10-NUDT3	-0.002226135
RSL1D1	1.473988461
LINC01089	0.58638021
ENOPH1	-0.059144613
PWWP2B	0.567396147
PAFAH1B3	0.749838479
PSMG2	1.250141017
GAST	0.215669957
MGST2	1.133912688
ATP2A2	0.074452762
BID	-0.020447822
CEP57	0.655299683
LINC01001	0.605674627
TYW1	1.16223463
CGB	-0.143874172
NAA16	0.175946367
TIAF1	0.090207163
B3GNT8	1.709056982
CCL15	1.063683143
NKIRAS2	0.377827741
MB21D1	-0.226665137
POC1A	1.17657595
TLN2	1.342704089
SLC33A1	0.140225184
COPS5	0.239914227
TEAD3	0.354547841
LRRC27	0.111920452
FADD	0.134459267
DGCR2	0.295271406
FEM1B	0.07965427
TMEM242	0.331252447
SVIP	0.850327086
COMT	0.302462635
IRX5	0.1578427
KIF26A	0.049183382
SRPRB	1.025249084
PRNP	-0.385718428
MROH1	0.233260703
SERINC1	0.239914227
RTKN	1.205626048
POMT2	0.426171731
ADCY6	1.191039296
UVRAG	0.875133612
CUEDC2	0.123085488
SNCG	-0.128746135
BTN2A1	-0.100961789
DAD1	1.473988461
PIM3	0.393675188
DLG5	0.442827998
CCNDBP1	-0.07965427
SULT1A1	0.911292238
C4orf19	0.069300835
B3GAT3	-0.002226135
PPIL1	0.521264042
CCDC130	0.749838479
PPP1R16A	0.645213481
DDR1	0.805408665
CEP162	0.986323602
B4GALNT4	-0.013343409
ENTHD2	0.625284104
PCMTD1	0.875133612
POLR2F	1.767621741
ARHGEF10	0.025119057
CNOT4	1.998621852
UBR7	0.696469539
GPCPD1	1.013452706
FADS3	0.029837145
USP25	0.054139761
BCAS1	0.576849674
MSH2	0.686052008
SLC38A7	0.213646504
RIPK1	0.100961789
LOC389602	1.220337618
CMBL	0.226665137
MFNG	0.384958431
FAM117B	0.665467739
DDTL	0.274063521
RIPK4	0.044275202
NSUN6	0.986323602
LY6G6C	0.820693899
SPATA13	1.508316608
RPF2	1.807660006
GTF2IP20	0.521264042
SLC30A6	0.717558772
THOC6	0.539491983
LPCAT4	0.645213481
TCEAL8	0.006712594
CENPT	0.151916593
CA5BP1	1.280461447
SLC22A18	0.92354302
UBE2Q1	0.973560676
MRPL16	1.250141017
WIPI2	0.362242871
CCDC80	-0.305955545
HP1BP3	-0.200855605
DHRS2	0.220127185
MAP7D2	0.576849674
PTER	0.213646504
SDF2	0.288141395
TMEM87B	0.595988334
ATP9B	0.090207163
PAXBP1	0.078517848
EMP1	-0.134459267
TALDO1	0.706971566
YTHDF2	0.020447822
BRCC3	1.787538915
RPS20	0.986323602
ADIRF	0.999191949
DCAF4	0.728231854
GNA11	0.548717858
CD320	0.717558772
SMPD1	0.084905643
TTC38	1.440279714
NDEL1	0.760773468
ZBTB5	0.274063521
AXIN1	0.728231854
DNAAF2	0.655299683
WBSCR22	3.262691274
RGS4	-0.265640881
PSMA2	0.635208497
HMOX2	0.816795124
SCHIP1	-0.146044191
PI4KB	0.267114917
WDR26	-0.015823175
LOC101927151	0.760773468
ACAT1	-0.069300835
RRP7A	0.226665137
ADAL	-0.064198212
PFKFB3	-0.020447822
EEFSEC	1.191039296
NOL12	0.887088443
LRIG1	0.899141018
PBRM1	0.393675188
URB2	0.213646504
MLLT4	0.686052008
ATAD3A	0.645213481
TMF1	0.53034089
SNAPC2	0.309575418
PTCD2	0.006621516
ICE1	0.309715463
NCOA4	0.615439684
TMUB2	-0.034602353
GANC	0.805408665
PHF11	0.220127185
YAP1	0.029837145
C8orf82	0.123085488
RPL19	0.771797224
RAPGEF5	1.235175449
HNRNPF	0.706971566
EPS8	1.407173341
HIST1H1E	0.126891692
CRIM1	-0.006712594
AIFM3	2.285926793
ALDH3B1	0.794114053
LY6E	-0.645213481
FHL3	-0.615439684
HTATIP2	0.362242871
COPG1	0.558019062
FAM49B	-0.140225184
ZZZ3	0.025119057
RPL30	0.863275638
CTSC	0.246626057
PSME4	0.302462635
PRR9	0.38738218
HOXA1	0.024772207
CYP24A1	0.147281709
MLXIP	1.423652259
GAS2L3	0.655299683
MARCKSL1	0.686052008
CHIC1	0.111920452
FBP1	0.728231854
ZNF821	0.169857272
MT1L	0.560576967
TNRC6B	-0.182090425
MPZL1	0.948347016
LINC01419	0.417946278
C9orf16	0.696469539
IQSEC1	0.267114917
GDPD1	0.064198212
ARMC7	-0.309715463
LRSAM1	0.665467739
TMEM209	0.595988334
C18orf25	-0.117477026
RPS25	2.210047276
AFF1	0.084905643
EP400	0.899141018
KCTD10	0.635208497
PDGFC	-0.434198103
DPCD	0.665467739
ARFIP1	0.816795124
USP21	0.645213481
RALB	0.46833282
PEX2	0.377827741
UBL5	1.911465726
GNG11	0.047707445
FBXO42	0.029837145
TEAD2	0.595988334
BIVM	0.123085488
LMAN2	0.899141018
NCSTN	0.686052008
RPLP0	1.038440013
P3H1	-0.558019062
GAPDH	0.738991517
NAA50	0.117477026
ZNF607	0.011244854
HDAC2	0.771797224
TUBBP5	0.450487699
CCNL1	0.169857272
SLC27A5	0.324407457
RPL35A	1.17657595
FBF1	0.074452762
CHSY1	-0.123085488
QSER1	-0.084905643
BBS2	0.084905643
COPA	0.595988334
NELFB	0.169857272
XPC	0.188289768
ADSS	1.133912688
OGDH	0.935894296
MYCBP2	0.393675188
ZCCHC11	-0.1578427
PDCD2L	1.038440013
TGS1	0.760773468
AGTRAP	0.011244854
ZFP36	1.133912688
GTSF1	0.302269824
RCHY1	0.117477026
TBL2	1.689919385
SORD	0.851513651
KIF18B	-0.059144613
TMC5	-0.039414949
RHOA	1.508316608
GMCL1	0.665467739
RPL13AP5	1.148013983
TGFB3	-0.289393433
POLR3GL	0.295271406
LINC01604	0.558019062
RANBP3	0.863275638
RNF208	-0.140225184
MLLT6	0.728231854
YY1	0.717558772
MKLN1-AS	0.863275638
C11orf52	0.1578427
HSPE1	7
RUNDC1	1.078675532
FAM98A	0.749838479
CCDC88B	1.362384567
NCOA5	0.40978867
AASDHPPT	-0.011244854
ANO8	-0.03648693
NEMP2	-0.054139761
ZRSR2	1.342704089
BZW1	0.485688574
HECTD2-AS1	1.890263587
APOL6	0.558019062
AMH	0.288141395
PGPEP1	0.760773468
NEK7	0.213646504
RCAN1	0.935894296
TRIT1	0.377827741
ZUFSP	0.451259743
EIF1AD	1.106063001
MFGE8	0.123085488
ATRN	-0.213646504
FAM188A	0.362242871
INTS8	1.012166756
TEP1	0.434465483
ZNF326	0.434465483
SEMA3B	-0.188289768
NOS3	0.123085488
AOC1	1.715585496
NUB1	0.58638021
SULT1A4	1.326939076
MECP2	0.175946367
MIR8485	0.220714083
WDFY3	-1.250141017
TPST1	-0.388921677
MMP17	0.503330961
HPCAL1	0.317030274
VBP1	0.362242871
HDAC8	0.200855605
PYGB	0.816795124
TMEM55B	0.728231854
ZNF628	0.46833282
C4orf46	-0.117477026
AHR	0.948347016
EXOSC6	0.576849674
SPIDR	0.354547841
ACCS	-0.512260907
KCNK1	-0.034602353
FGGY	0.075949159
P3H2	0.771797224
GPN3	0.118543177
FAM63A	0.503330961
CTAGE8	-0.123085488
MAN1A2	0.059144613
DTX4	0.548717858
SLAIN1	-0.129831644
CPNE2	0.899141018
RASSF7	0.324407457
ACSL6	1.457057749
NANP	0.200855605
CYB5R1	0.40978867
C21orf62	0.100961789
XAGE1E	0.680527445
ATAD2	0.059144613
UNG	0.828274229
PDCD6	1.491074007
VMP1	0.246626057
CCNI	0.220127185
CCNH	1.038440013
LRP12	-0.521264042
PARP16	0.814846299
C15orf65	0.6776689
FAHD1	1.633613171
TTC14	0.135357368
BAHCC1	0.45976119
ACO2	1.11992945
WDSUB1	0.401698455
CMC1	2.113264639
FARSA	0.675718296
ZSWIM6	0.134459267
MKS1	0.134459267
STAG2	0.253396545
NUP188	0.169857272
CCDC71L	0.999191949
MMP7	0.182090425
CARD11	1.18500252
CHAF1A	0.686052008
CLIC4	-0.295271406
PRMT5	0.494473687
DNAJC17	0.548717858
ABCC6P2	1.265235835
ABHD17B	0.45976119
VRK1	0.728231854
STIL	0.253396545
FAM72A	0.401698455
PMP22	-0.494473687
CHRNB1	-0.239914227
THOP1	0.485688574
ATXN1L	-0.002226135
USP12	-0.100961789
PPIG	2.504413057
KIAA0020	0.281072224
ZNF160	0.059144613
COL1A2	0.247792468
RNF135	-0.054139761
PXMP2	0.605674627
SDHAF4	1.921544423
WNK4	1.390840975
IL15RA	-0.123085488
DLGAP5	1.374653225
HKDC1	1.250141017
PTP4A1	0.675718296
HOOK2	0.281072224
IFIT1	-0.498255671
MIR210HG	0.503330961
AXIN2	0.863275638
KRT80	0.288141395
ELOVL7	0.655299683
NT5C3A	0.738991517
TMEM191B	0.100961789
ARHGAP29	-0.233260703
TADA2A	0.40978867
BAMBI	0.084905643
RICTOR	0.503330961
MRPS7	0.760773468
ZNF584	0.149730414
RPA2	1.652200557
ERF	0.794114053
TNRC6C-AS1	0.100961789
RPL27A	1.578904276
TIMM21	0.948347016
INF2	0.025119057
DESI1	1.133912688
LENG9	0.887088443
SCML2	0.002226135
PTPMT1	0.717558772
BTF3L4	-0.605674627
YBX2	1.358608208
MOAP1	0.059144613
SLC25A36	0.064198212
CCDC66	1.976470347
C9orf78	1.998621852
SDC4	0.140225184
MPP7	1.390840975
PPP1R13L	0.887088443
ACTA2	0.226665137
CUX1	0.295271406
TNFRSF12A	-0.140225184
MFHAS1	0.40978867
FN3K	0.015823175
ADAT2	1.025249084
MORN4	-0.253396545
CCDC28B	0.123085488
R3HDM1	2.285926793
TMED9	0.485688574
C6orf120	0.625284104
ECSIT	1.326939076
UBD	0.281373036
SCG5	0.182536128
IFIT3	-0.006712594
ATF7IP	0.771797224
POU5F1	1.038440013
PRPS1	0.140225184
MCM7	1.326939076
IPMK	0.826567655
RAB7A	1.106063001
SPCS2	0.476975118
SECTM1	0.260226045
CABLES1	0.548717858
MED19	1.358608208
ITGB1	-0.655299683
PEX11A	0.738991517
PPP1R3D	0.151916593
MARS2	0.706971566
HDGFRP3	0.740217822
IER2	0.385718428
POLH	1.311311427
ARHGAP39	0.839846795
PDE8A	1.508316608
CRACR2B	0.494473687
FLOT1	0.370002697
LOXL3	0.146044191
GSTM1	0.180051566
EFHD2	1.038440013
RBBP6	0.417946278
LRTOMT	0.696469539
CSTB	1.473988461
UQCRC2	1.615203202
UPK3B	-0.169857272
USF1	0.503330961
PRSS16	0.875133612
ZKSCAN5	-0.226665137
MPP6	-0.064198212
GLB1	0.686052008
WDR72	1.065152103
RAB11FIP1	1.440279714
SPRR1B	0.222160545
RARRES3	-0.208113398
REST	-0.084905643
ZNF830	0.123085488
STARD3	-0.226665137
S100PBP	-0.226665137
MTRNR2L3	0.213646504
LINC01530	0.1578427
LINC00969	0.816795124
RPA3	0.805408665
ARHGEF11	1.133912688
CDX2	1.065152103
GLT8D1	0.960902148
ECD	0.615439684
ARID2	0.717558772
RFC4	0.346917194
RNF19B	0.274063521
SLC2A1	0.029837145
MT4	1.720885495
HTRA1	0.19049225
CBY1	-0.123085488
GDF15	0.717558772
APOM	0.675718296
C1orf112	0.948347016
BCAS3	-0.064198212
HOXA3	0.686052008
GRN	0.123085488
MYL12A	0.645213481
RPL22	1.473988461
DAG1	0.128746135
CDPF1	0.260226045
DLGAP1-AS2	1.728384316
MARS	-0.111920452
COLCA2	0.595988334
PLEKHA3	0.665467739
RIC8B	1.235175449
SLC17A5	0.015823175
PLD3	-0.059144613
SLX1B	1.767621741
IKBIP	-0.558019062
ZNF627	0.288141395
GTF3C5	0.362242871
SNORA57	0.015634998
HMGA1	-0.095559116
TOPBP1	0.362242871
SNX8	0.151916593
DNAJC3	0.146044191
CHD1L	1.065152103
TMEM126A	0.309715463
ZNF654	0.253396545
NOSIP	1.092312101
MMP11	0.650931435
PEX6	0.706971566
THAP3	0.151916593
USMG5	2.419474562
KIAA0753	0.239914227
CD3EAP	0.370002697
PARP10	0.151916593
RBM4	0.10641547
KLHL28	0.401698455
PIAS3	-0.084905643
GIT2	-0.015823175
SMIM22	0.92354302
TPM3	1.827988899
TMEM256	0.728231854
CLK2	0.899141018
C2CD5	1.220337618
MEGF8	-0.169857272
TMEM45B	0.986323602
CIB2	0.451259743
CELSR3	0.576849674
NIT1	0.346917194
LINC00116	0.948347016
TPRG1L	2.185398976
IQGAP3	0.738991517
CCDC9	1.16223463
FAM83D	-0.194544719
LRP10	0.274063521
DEPTOR	1.404977322
PTPRO	2.257324824
TMA16	0.760773468
REPIN1	0.999191949
CSAG3	0.141098702
KIAA1147	0.274063521
CTU2	0.100961789
ADH5	-0.686052008
PPP2R2A	-0.015823175
FOXD1	0.485688574
ASAP2	0.226665137
ERP44	0.665467739
CAMSAP3	1.191039296
RHBDD3	0.370002697
ZNF276	0.084905643
APOD	1.250593218
EPOR	-0.875133612
SLC9A2	0.656054042
FPR3	0.641636011
AGL	-0.054139761
TBXA2R	0.10641547
TMEM241	0.771797224
PARVA	0.615439684
SUMO1	0.362242871
MSH3	0.239914227
POMZP3	0.175946367
ZNF337	0.182090425
IL18BP	0.273781456
LOC100288254	0.246626057
ABCC6	1.148013983
INSIG1	0.302462635
GGPS1	0.728231854
KRTAP3-1	0.130227348
ALG11	0.354547841
GRB2	0.417946278
KAZALD1	0.117477026
PHAX	0.370002697
PBX2	0.331847406
VKORC1L1	0.863275638
VPS26B	0.816795124
NIPAL2	0.960902148
UPRT	0.696469539
WDR5	0.385718428
NFIC	-0.605674627
RDM1	0.481212287
TRIB3	0.53034089
EEF2	0.738991517
RGPD5	0.163822822
ZNF155	1.051740645
C6orf226	0.365399437
ABCA7	-0.090207163
ACER2	0.302010561
IER3	0.960902148
TMBIM4	0.188289768
HYAL1	0.354547841
RBM3	0.706971566
METTL9	0.512260907
ZBTB11	0.595988334
RAD51B	0.839846795
ZNF121	-0.213816324
MX2	0.239914227
ETV4	2.563306287
CACNG4	0.135357368
COQ3	2.137015815
HAUS6	0.128746135
HADH	0.485688574
SFSWAP	1.615203202
ROGDI	0.002226135
HRAS	0.615439684
SLFN5	0.887088443
SRBD1	0.805408665
LGR6	1.078675532
C7orf55	0.346917194
NDUFA6	1.106063001
CD40	-0.421761528
ASIC1	0.182090425
SLC35A1	0.960902148
MTMR2	-0.182090425
IMPDH2	1.025249084
MAPKAPK5-AS1	2.338225956
DYNC1H1	-0.295271406
CXXC5	0.738991517
SUSD2	0.45976119
FAM111A	0.686052008
RNF24	0.207222756
MUC2	1.670968287
COX10-AS1	0.302462635
TRMT6	0.706971566
PAPSS1	0.074452762
SYT7	0.805408665
ENDOD1	0.782910497
PPP2R5E	0.686052008
CYP4F12	0.995592124
ASF1A	0.771797224
MIR22HG	-0.45976119
CCT6P1	0.151916593
MTRF1L	2.210047276
SLC35A3	0.246626057
SEH1L	-0.246626057
CPSF2	0.851513651
STRBP	1.235175449
EIF3M	0.839846795
KLC2	-0.163822822
PATL1	0.625284104
EI24	0.911292238
IL33	1.792146888
TFR2	-0.111920452
VPS28	0.274063521
LINC00239	0.144681266
ZNF260	0.182090425
MRPL52	1.633613171
ZNF57	1.17657595
NR1I2	2.208358041
CCND2	1.025249084
TP53INP2	-0.281072224
SNORD22	-0.913228734
SNAPC4	0.331847406
TRMT1	0.317030274
CEP250	0.393675188
ADCY7	-0.539491983
AXL	-0.665467739
PECR	0.805408665
RNF170	0.665467739
CKAP5	0.558019062
SWSAP1	0.346917194
MSLN	0.525288409
STX5	0.246626057
VLDLR	0.053376588
GLRX2	0.494473687
CREG1	1.326939076
MAPKAP1	0.794114053
TATDN1	0.706971566
RPS6KA5	0.298427164
AVPI1	1.807660006
RAPGEFL1	1.728384316
VIL1	2.235011688
UPF3B	1.525718547
SMYD2	0.385718428
ACE2	2.042799373
HMGCR	0.686052008
YLPM1	0.805408665
MED27	0.182090425
RPL35	1.342704089
CMPK2	-0.207222756
ASXL1	-0.260226045
DCLRE1A	0.426171731
FCGRT	0.645213481
DUSP23	1.205626048
LRRC14	-0.354547841
TSPAN6	1.012166756
GFPT1	1.191039296
C6orf223	1.191039296
DYNC1I2	0.53034089
HERC2P9	-0.074452762
EMC10	1.191039296
RAB2A	0.320166091
ABTB1	-0.044275202
SERTAD2	-0.236565411
CDKAL1	0.665467739
DNMT3A	-0.169857272
ANXA11	1.038440013
RHOB	0.986323602
PPP1R37	0.706971566
CCDC183	1.078675532
STX12	0.413067132
SWI5	0.665467739
MDFI	0.309715463
KIAA0556	0.935894296
ERH	2.235011688
PRMT1	-0.006712594
GSTP1	0.302462635
GBAP1	0.175946367
H2AFY	1.092312101
FAM168B	0.339350517
PREB	1.473988461
MRPL15	0.377827741
HIPK3	0.128746135
THADA	0.875133612
CSPP1	0.45976119
ABI1	0.426171731
YIPF2	0.194544719
TARBP2	1.767621741
CXCL8	0.30560978
NECAP1	0.886775446
KIAA0895	0.151916593
FBXO41	0.095559116
EXOC6B	-0.044275202
DERA	1.295819437
DEF6	0.738991517
SDR16C5	0.459003974
ACAD10	1.508316608
ERCC8	0.675718296
GNL3L	0.442827998
NUCKS1	0.288141395
TUBB	0.020447822
PPP2R3A	-0.113042015
KLHDC10	0.253396545
DHX15	0.054139761
HAUS2	1.025249084
IRF2	0.948347016
CERS2	0.401698455
ERI2	0.324407457
ARHGAP42	0.749838479
LINC00668	0.781376334
SDHAF1	1.248616353
ARMT1	0.175946367
LINC00675	1.967862993
STAM2	0.53034089
MTERF3	0.346917194
OST4	1.709056982
NFE2L3	1.615203202
CKMT2	0.215435785
RNPC3	0.814846299
PIGO	0.134459267
CYP3A5	1.092312101
NTHL1	0.655299683
LYPD6	0.686052008
MGEA5	0.239914227
UBE2C	0.696469539
MTCL1	-0.295271406
DCLRE1C	0.267114917
ARL4C	0.140225184
ELAVL1	1.342704089
MICU2	0.948347016
MED28	0.625284104
KIAA0895L	0.339350517
C10orf88	0.194544719
MRFAP1L1	0.567396147
SEPHS1	0.095559116
DMXL1	0.039414949
TMEM41A	0.828274229
DOK7	0.246626057
NTAN1	0.393675188
ZFP90	-0.054139761
PCYT1A	0.117477026
PLEKHG6	1.633613171
LINC00493	0.539491983
EFEMP2	-0.149730414
ZFAND4	0.370002697
ZBTB7B	1.543282177
LETM1	-0.015823175
EPB41L4A-AS1	0.339350517
ASCC1	0.151916593
PDIA6	0.706971566
IFT122	0.92354302
RNF39	0.128746135
POMGNT1	0.049183382
NCL	1.311311427
LOC284581	1.423652259
SPIN1	0.002226135
DDAH2	0.595988334
DDX19A	1.133912688
SERPINB2	-0.059448674
VARS2	-0.006712594
TPCN2	0.044275202
DPY19L3	-0.128746135
ABHD8	-0.281072224
AREG	0.53034089
ST3GAL1	-1.423652259
EDC4	0.324407457
LRRC37A4P	0.140225184
MTHFSD	0.1578427
SLC16A13	0.281072224
PARK7	0.58638021
CPSF7	0.548717858
SLC25A16	0.92354302
RPS19	1.148013983
PYGO2	0.576849674
C14orf79	-0.295271406
TBXAS1	1.266403402
SPHK2	0.521264042
LAMA3	0.226665137
KDM6A	0.128746135
TMEM176B	2.284549608
SEC61A1	0.117477026
GPSM2	1.670968287
TOMM40L	0.239914227
BAZ1B	0.782910497
C7orf55-LUC7L2	1.342704089
TMEM203	0.46833282
MIR3661	-0.427198745
BCORL1	0.246626057
CCDC126	0.625284104
SKP1	0.717558772
KAT8	1.092312101
BOLA3	3.654411284
HECTD1	-0.07084843
TXNDC12	1.767621741
NOS2	0.176632884
HS2ST1	-0.728231854
ACSL4	-0.020447822
BCL10	0.140225184
THEM6	0.239914227
KLK6	-0.760773468
WWC2	-1.038440013
NPR2	0.146044191
ARF1	0.92354302
NOL3	0.020447822
LINC01138	0.10641547
FIG4	-0.054139761
IQGAP1	0.738991517
MTAP	-0.175946367
SAP130	0.887088443
ALG12	0.288141395
UGCG	-0.828274229
GPX4	0.385718428
MRPL10	0.295271406
ZC3H13	0.1578427
HBS1L	0.213646504
MUM1	0.728231854
PURB	0.385718428
SLC25A30	-0.201134448
C6orf47	0.385718428
ORAI3	0.267114917
ZNF749	0.074452762
AMIGO2	0.53034089
WDR46	0.393675188
OXA1L	0.625284104
SIX4	-0.558019062
TRPV2	-0.12131307
PHF1	0.049183382
PLEKHA1	0.899141018
NEDD4L	-0.020447822
RRP8	1.689919385
LINC01278	0.655299683
NARS2	1.374653225
HSDL1	-0.034602353
AGAP6	0.226665137
APOBEC3F	-0.220127185
RNF181	0.413067132
SAMD13	1.078675532
RAD23B	1.012166756
PXN	0.576849674
OCEL1	-0.006712594
TERF2	1.561009921
TRMT2A	-0.317030274
STAT6	0.911292238
TMEM30B	0.260226045
NEMF	0.999191949
DCAF12	0.426171731
SLC25A28	0.512260907
ATF3	0.281072224
CDK5R1	-0.280745446
NSRP1	0.267114917
CSRP1	0.239914227
GATC	1.326939076
UGGT2	0.385718428
TBC1D20	0.675718296
HSD17B2	1.022450613
NR2F2	0.302462635
HMGN4	0.339350517
ZNF253	0.40978867
PVRL2	0.288141395
POLR1E	1.065152103
ZNF564	0.074452762
TMEM181	0.426171731
LOC100506123	0.1578427
HIST1H2BF	0.143941391
GTF3C1	0.295271406
IFT22	0.054139761
ABHD16B	-0.020447822
NDUFA12	1.633613171
DNTTIP2	0.385718428
OSGEP	0.331252447
PTPRE	0.780302285
PLRG1	-0.434465483
PDCD10	1.17657595
SH3BGRL3	1.491074007
ODC1	0.45976119
USP31	0.548717858
SLC16A3	0.095559116
ASB9	1.787538915
FBXO4	1.235175449
TOR2A	0.267114917
H3F3B	0.485688574
HINFP	0.451259743
SNRNP40	0.494473687
ANXA1	-0.044275202
C19orf24	2.533620609
NEIL1	-0.064198212
ZFYVE26	0.020447822
BCDIN3D	1.065152103
RRBP1	0.816795124
SRSF4	0.417946278
CRTAP	0.494473687
UCHL3	0.40978867
TAF3	0.090207163
LSM1	1.728384316
PHF23	0.645213481
CASC4	-0.140225184
E4F1	0.169857272
EZH1	-0.064198212
CTAG2	0.165391685
IHH	2.827706288
SPRTN	0.194544719
HN1	1.051740645
TNS4	0.911292238
LOC101927136	0.401698455
ITGA1	0.741146028
RASA2	0.401698455
SAP30L	0.782910497
RAB33B	0.317030274
PPP1R7	0.851513651
BMPR1A	0.253396545
C5orf66	0.760773468
PHB	1.407173341
C2orf42	0.625284104
STOML1	0.342485637
PDCL3	3.527095419
FIZ1	0.875133612
SLC6A9	0.134459267
NT5DC1	2.021024207
OAS3	0.706971566
FUT1	-0.260226045
CEP83	0.851513651
GTF3C6	0.194544719
ATP6V0D1	0.686052008
FBXL14	0.816795124
APOBEC3A	0.53034089
ZNF764	0.521264042
FAM24B	2.210047276
SF3B3	0.039414949
ZNF266	0.134459267
NUDT15	0.567396147
DUSP22	0.539491983
UBAP2	1.051740645
CELF1	0.194544719
ATM	0.117477026
BZRAP1-AS1	1.407173341
ALDH18A1	1.890263587
BRMS1L	0.828274229
DVL2	-0.100961789
RAMP2-AS1	0.442827998
SMIM6	0.302010561
CCDC18	1.235175449
TMPRSS13	0.872132114
TRIM16	0.288141395
GAS8	0.169857272
PGRMC2	0.220127185
LOC100288069	0.015823175
CSNK1G2	1.078675532
SERF1B	1.133912688
BUB3	0.635208497
GSTCD	-0.049183382
TRIM31	0.249888228
TMEM198	0.911292238
COX5A	1.998621852
NACA	1.787538915
OSBP2	-0.151916593
LDHD	1.14235016
TFF3	1.85750003
LOC100507002	0.097227563
FUBP1	1.220337618
HMG20B	0.58638021
CLCN6	-0.002226135
TMEM50B	0.760773468
AGGF1	1.342704089
APPL2	0.451259743
TTYH3	0.645213481
RAB6A	0.686052008
B9D2	1.423652259
GS1-124K5.11	0.451259743
CDC25C	0.615439684
SLC22A3	1.76765354
KIAA1429	0.295271406
MAML1	0.615439684
SOX4	1.596967817
TIMP1	0.58638021
SMARCB1	0.635208497
MC1R	0.339350517
HTR1D	0.46833282
ZNF513	0.385718428
KLF16	0.675718296
SCLT1	0.146044191
SNX13	0.948347016
KRT8	0.625284104
FLAD1	0.339350517
STAU2	-0.064198212
HIP1R	0.782910497
DNM2	0.521264042
UBA2	0.839846795
RAC2	0.270322522
IKBKB	0.151916593
TM4SF4	0.295857589
PRC1	0.782910497
YBX1	2.68727
SCIN	1.038440013
PTPRK	0.875133612
NDUFS4	0.645213481
RPL36	2.563306287
LETMD1	0.960902148
RFC5	1.265235835
LINC-PINT	0.151916593
PTDSS2	0.615439684
PPCS	1.423652259
ZC3H10	0.595988334
RBM19	1.078675532
DUS3L	0.494473687
PNRC1	0.417946278
SEMA3F	0.377827741
MRGBP	0.175946367
CTSZ	0.760773468
SSRP1	1.078675532
RBP7	0.044196402
C10orf35	-0.111920452
OSCP1	-0.069300835
CHMP5	0.377827741
DNM1	0
TXNL4A	0.655299683
NDUFAF2	1.807660006
LOC648987	0.069300835
SNORA52	-0.170771225
NDUFS6	1.652200557
PPP6R2	-0.1578427
SNX3	2.113264639
TUT1	0.749838479
ZFAND3	0.095559116
PIKFYVE	0.064198212
SPRR3	0.254093344
RNU6-2	-0.686297861
SMU1	0.706971566
ITPR3	0.169857272
SMARCA5	-0.175946367
TPT1	0.253396545
LIN9	1.670968287
SULT2B1	0.476975118
C1orf53	0.645831175
ARHGEF39	0.973560676
TCEAL4	0.095559116
HECTD3	1.596967817
OSBPL10	0.298427164
MAN1B1-AS1	0.782910497
KANSL1	0.049183382
ZNF414	1.065152103
CCDC12	2.475664498
FDPS	0.948347016
METTL22	0.048492133
IDI2	0.083692073
ARRDC1	0.548717858
CXorf23	0.851513651
MYO9B	0.281072224
CCT7	0.986323602
MAB21L3	0.686052008
CMTM6	0.45976119
PPFIBP2	1.205626048
NOC3L	0.281072224
ATG4D	0.973560676
USP16	0.548717858
RASSF3	0.182090425
TSGA13	0.401698455
RPL27	1.423652259
FUCA1	0.850327086
CNTROB	-0.039414949
NME3	-0.393675188
NCOA7	0.377827741
CHAF1B	0.324407457
TCN2	0.100961789
PRPF40A	0.331847406
CEP170B	0.362242871
LTV1	1.652200557
C2orf54	0.512260907
NCBP1	0.567396147
PPAPDC1B	0.625284104
B3GNT9	-0.771797224
DCAF8	0.485688574
PPWD1	0.169857272
TOP2A	0.188289768
ZNF292	0.069300835
C15orf52	0
SNX17	0.1578427
COX11	0.503330961
RNF122	0.008850947
CENPP	1.133912688
MRPL17	1.065152103
BSPRY	0.696469539
B9D1	-0.200855605
ANAPC1	1.025249084
TTYH2	-0.100961789
RPL13A	0.163822822
UQCRB	1.890263587
ZCCHC3	0.100961789
TOE1	0.595988334
NDRG3	0.426171731
ASAH2B	0.434465483
CCNF	0.899141018
MAN2C1	0.749838479
GDF11	0.738991517
PRTFDC1	-0.111920452
IL32	0.53034089
FAM69A	0.175946367
ACAP3	0.948347016
GAK	0.999191949
BCL2L2-PABPN1	0.512260907
CIPC	1.440279714
MRPL27	1.311311427
HIGD1A	1.358608208
SNHG3	0.140225184
PTOV1	0.175946367
NPIPB15	0
NANOS1	0.151916593
UGGT1	0.476975118
PSD4	1.078675532
MORF4L2	0.370002697
DIMT1	0.512260907
PPIC	0.064198212
PTGFRN	1.11992945
HEMK1	0.696469539
TDRKH	0.151916593
NXN	-0.169857272
ITGB1BP1	1.025249084
HIST1H2BN	0.134459267
PARVB	0.309715463
FARP1	0.226665137
ATP2A1-AS1	1.347831695
PRIM2	0.605674627
SNHG6	0.188289768
SRSF10	1.689919385
UAP1	0.084905643
LRRC75B	1.148013983
PEX26	1.543282177
DND1	0.295271406
LINC00941	-0.07965427
NCKIPSD	0.385718428
TMEM184B	0.128746135
OPHN1	0.521264042
HM13	0.354547841
TRAF3IP2	0.665467739
LOC100190986	0.200855605
LMBR1L	0.362242871
CUL4B	0.194544719
LINC00506	0.442827998
POMGNT2	-0.233260703
SLC38A6	0.146044191
FERMT1	1.235175449
EPPK1	0.948347016
MYDGF	1.265235835
MPC2	2.210047276
PGRMC1	0.973560676
PIP4K2A	-0.324407457
CNN3	-0.015823175
DOHH	0.794114053
SRSF6	0.281072224
TOB2	0.246626057
GLTSCR2	0.503330961
FABP5	1.423652259
BOLA2B	2.475664498
DRAM2	0.451259743
MYO6	0.728231854
ARMCX5	0.451259743
APITD1	1.578904276
LAT2	-0.044275202
RNF103	0.049183382
XRCC2	0.175946367
ACBD5	0.665467739
FAAH2	0.260226045
CCDC64B	1.615203202
C9orf85	2.419474562
EXOSC8	0.267114917
WDYHV1	0.576849674
TBC1D2	0.948347016
RAE1	0.935894296
KDELC1	-0.548717858
FAM206A	1.358608208
LBR	0.728231854
SGK2	1.272339215
PPIE	0.253396545
STK16	0.521264042
KDM5D	-0.273913432
PSME1	0.377827741
PIP5K1A	-0.140225184
PLK2	-0.090207163
PRR3	-0.182090425
UGT1A6	0.302462635
ERCC3	-0.342485637
PTK7	-0.095559116
ZNF410	0.309715463
STAT3	0.494473687
APTX	1.326939076
URI1	1.106063001
SLC36A4	-0.377827741
FBXL3	0.175946367
BMP7	1.932897564
ARAP2	0.295271406
CEBPD	0.58638021
C12orf45	2.455770757
HECA	0.53034089
RUSC2	-0.054139761
PRDM4	0.539491983
RMDN2	0.738991517
EIF4G1	0.002226135
ZNF319	0.350056853
ANKRD18A	-0.346917194
STAT1	0.485688574
SCARB2	0.07965427
KIAA0100	0.512260907
LRP1	0.239914227
SEC22C	0.10641547
KIAA1522	0.291307601
PCBP1	1.250141017
LPAR1	0.32053115
POC1B-GALNT4	0.696469539
SPG21	0.233260703
UNC93A	1.294559408
LASP1	0.417946278
FBXL16	0.567396147
SEC16B	1.295819437
STX6	0.887088443
TJP3	0.863275638
FAM177A1	1.148013983
TM7SF2	-0.117477026
ZBTB6	0.393675188
P4HTM	0.635208497
PDXK	1.092312101
ZDHHC12	0.635208497
RNF113A	0.717558772
ZNF181	0.476975118
CINP	7
KDF1	0.434465483
MREG	0.111920452
RPS15	0.973560676
CAB39	0.635208497
ATP5G2	1.106063001
IFT74	1.827988899
PELI1	0.502712377
MAGOH	1.051740645
CFB	0.717558772
STAG3L5P	1.311311427
BTBD7	0.288141395
ALAS1	0.503330961
DENND6B	-0.46833282
ADCY9	0.039414949
HCG11	0.46833282
ARHGAP4	1.16223463
GMPR2	0.049183382
PNP	1.491074007
BAAT	0.113154821
TMC8	0.226665137
SLC35C1	1.326939076
RSC1A1	0.015823175
EIF4E3	0.999191949
EPHB6	0.135357368
ZNF264	-0.194544719
MRPL35	1.827988899
ZBTB41	-0.044275202
HNRNPUL2-BSCL2	1.374653225
OLFM2	-0.008850947
B3GNT2	0.46833282
NRSN2	0.008850947
LPCAT3	3.21619859
CXADR	0.625284104
SLBP	0.58638021
TYRO3	0.074452762
PSMB3	0.246626057
PPP1R14C	2.257324824
NARS	0.260226045
TNIP1	0.485688574
LSM11	0.339350517
BCAN	0.960902148
SIKE1	0.393675188
LNX2	0.615439684
NDUFAF6	2.137015815
HBE1	-0.539589717
ACTR8	1.508316608
EVX1	2.447357175
BCL3	1.106063001
POLE2	0.503330961
PDXDC2P	0.494473687
SRRM2	0.476975118
MANEA	-0.277255744
ZSWIM8	0.006621516
CCDC6	1.012166756
LOC729966	1.091819493
MOB1B	-0.07965427
HOXB-AS3	0.771797224
C6orf106	0.111920452
CC2D1B	-0.267114917
MGAT3	1.652200557
PWP1	0.875133612
RNF207	-0.986323602
DIAPH3	-0.006712594
MT1X	-0.029837145
DUSP14	-0.188289768
MGME1	0.595988334
RNF13	0.426171731
CST7	0.646679291
PRDM10	0.346917194
SLU7	0.635208497
TMCC3	1.16223463
WDR18	0.020447822
CWC22	1.012166756
EGFL8	0.084905643
PLOD2	0.200855605
C11orf58	0.816795124
SNX27	0.354547841
POLD1	0.539491983
THOC1	-0.011244854
PRRC2A	0.134459267
DLC1	-0.413067132
KRTAP2-3	-0.136048637
NDUFB8	2.624196329
TNFAIP2	-0.426171731
HOTAIRM1	-0.188289768
HAGLR	0.816795124
QDPR	1.342704089
TSPAN8	1.473988461
IGFBP4	0.548717858
CBX1	0.706971566
DLL4	0.828274229
NRM	0.385718428
RAB29	-0.020447822
NMT2	0.207222756
AGPAT5	0.494473687
LRRC75A	1.051740645
SNHG17	0.100961789
BPHL	0.706971566
ANKRD9	0.785995826
LAMP2	0
JAGN1	1.979615623
CRIP1	0.029837145
NDUFV2	1.652200557
KANK1	0.83246771
INPP1	0.558019062
DDX5	0.128746135
SLC52A3	0.728231854
CCNI2	0.863275638
E2F3	0.320166091
PRKX	1.065152103
PHYH	0.645831175
PPP2CB	-0.163822822
PHKG2	0.665467739
DENND1C	0.576849674
HNRNPA3	1.191039296
ZDHHC13	0.539491983
SPATA20	0.054139761
REEP5	0.521264042
TUFT1	0.40978867
HCG18	0.605674627
SEC22B	0.760773468
SAPCD1	0.696469539
OSBPL9	-0.064198212
SNRNP200	0.182090425
ZNF562	0.503330961
OAT	0.346917194
PTCH1	0.494473687
CCDC159	0.47626
TUBGCP5	0.370002697
UBE2H	0.111920452
VPS54	0.393675188
ARHGEF4	0.295271406
TMEM39A	-0.354547841
ANKS6	2.447357175
DOC2A	-0.175946367
CAMLG	0.521264042
KLHL5	-0.782910497
RGS16	0.986323602
ADPGK	0.521264042
TBCB	0.207222756
ACOX2	1.865155142
SPATA5L1	0.567396147
RSU1	1.508316608
CAMK2N1	1.390840975
CEACAM19	0.539491983
SOS1	0.863275638
NGEF	1.508316608
NDUFS1	1.025249084
GEMIN5	0.220127185
TSEN15	0.728231854
LCP1	-0.288141395
SDC1	0.851513651
GSK3B	0.46833282
TSC22D1	0.749838479
ZNF468	0.163822822
SMAD6	0.713909223
GABPB2	0.686052008
PHACTR4	0.331847406
SPATA5	-0.851513651
NFYC	0.476975118
LINC01356	0.521264042
TMEM256-PLSCR3	-0.064198212
TWSG1	-0.025119057
AFTPH	0.696469539
JAG2	0.140225184
HEXIM2	0.10641547
MSN	0.020447822
SLC12A8	0.064198212
POGZ	0.169857272
RBM39	0.295271406
KPTN	-0.239914227
PI4K2B	0.899141018
PAK6	-0.07965427
TMED6	1.995244859
ADGRG1	0.851513651
FCF1	0.576849674
SLC26A2	0.226665137
CHCHD2	1.295819437
COL1A1	0.163822822
SURF4	0.233260703
HOXA6	0.149884095
MIEF2	-0.140225184
MON2	0.331847406
RAD21	0.10641547
DEAF1	0.015823175
CEP128	0.595988334
MOB3A	0.140225184
EIF4EBP3	0.1578427
EXT2	-0.025119057
UTP3	0.151916593
RANGRF	0.188289768
TRAPPC10	1.561009921
ELMO2	0.239914227
SLC18B1	0.615439684
PKN1	-0.887088443
DSTNP2	0.346917194
AQP5	0.777837919
DDX41	1.326939076
TCEANC2	0.200855605
PGM3	0.385718428
FER1L4	0.288141395
AFF4	-0.339350517
MAGED2	0.339350517
TGIF2-C20orf24	-0.567396147
IPP	0.002226135
TPI1	0.706971566
ZNF766	0.794114053
SGCB	-0.134459267
WASH5P	0.069300835
LUC7L3	0.393675188
SLC7A1	-0.188289768
CA9	0.476975118
CTSS	0.999191949
RIOK2	0.40978867
WWTR1	0.006712594
BCL9	1.326939076
ZC3H12A	0.362242871
CALM1	2.311897877
WIPI1	0.339350517
CACNB3	1.326939076
GSTM3	0.090207163
VAMP7	0.267114917
MCL1	0.084905643
NEFL	0.971817774
CYR61	-0.816795124
BTBD10	0.07965427
NAA60	1.191039296
EHHADH	0.521264042
OTUD6B	0.029837145
EVPL	1.578904276
ALDH1A3	-0.665467739
EVA1C	0.417946278
MAPK7	0.696469539
PKM	0.706971566
WDR55	0.53034089
TBC1D7	0.339350517
NIT2	0.503330961
CPA4	0.07965427
KIF21B	2.185398976
TUBGCP3	0.207222756
LINC01002	0.100961789
LY75	1.025249084
SCMH1	1.250141017
CARS	-0.188289768
MNAT1	0.044275202
SH3BGRL2	1.911465726
C3orf17	0.260226045
C1orf131	0.625284104
SNX6	0.07965427
PRPSAP1	0.717558772
ZNF174	0.973560676
TSC1	0.239914227
FAR1	0.46833282
ZNF354B	-0.025119057
GLIDR	-0.717558772
HNRNPH3	0.839846795
CST3	1.038440013
NPTX2	0.910627687
HSD17B7P2	-0.123085488
GTF2F1	1.508316608
KDM1B	1.191039296
G3BP1	0.434465483
NDRG2	1.280461447
CBWD3	0.771797224
PCNT	0.281072224
DUSP28	0.288141395
WDR61	1.457057749
UBE2M	1.998621852
NDUFAB1	1.295819437
NPTN	0.494473687
TMEM102	0.331847406
AURKB	0.999191949
ZNF827	-0.665467739
LPPR2	-0.661199105
ZSCAN9	0.059144613
IL1R2	1.998621852
PLA2G4B	0.274063521
TPMT	1.787538915
GAMT	0.084905643
CD27-AS1	-0.239914227
KMT2E	0.539491983
FAM86EP	0.40978867
CSAD	0.999191949
FAM86DP	1.543282177
FAM83B	0.317030274
CENPBD1P1	0.875133612
SLC35A4	0.960902148
HPSE	-0.625284104
ACBD7	-0.002226135
GTF2IRD2	0.973560676
JADE1	-1.767621741
KLK5	0.038900878
EIF3J-AS1	0.401698455
RAB18	0.188289768
YOD1	0.015823175
NCK2	1.709056982
LGALS4	1.508316608
TRIM38	0.295271406
SNX4	0.377827741
RALGPS2	0.274063521
QRSL1	1.578904276
ALG1	0.655299683
TRIB2	0.039414949
APBB1	-0.011091567
PRR15	1.191039296
CYBRD1	-0.044275202
RHOT2	0.401698455
LINC01311	-0.094189038
HSPA5	0.485688574
LOC101929767	0.738991517
ZNF18	-0.111920452
ETV7	0.724731987
ESYT2	0.548717858
SHISA4	-0.302462635
DPY19L2P2	0.123085488
APBA3	-0.090207163
DTNB	-0.476975118
CSNK1G1	-0.151916593
NT5DC2	0.385718428
ANKRD42	0.226665137
SLC26A11	-0.548717858
MFSD2A	0.188289768
TNNT1	-0.421256751
LINC01133	1.205626048
ULBP2	-0.625284104
C16orf74	-0.246626057
IGSF3	0.128746135
CEACAM6	1.670968287
MOB3B	0.459003974
LYSMD2	-0.274063521
UQCC2	1.225237575
EIF4A3	0.53034089
TTPAL	-0.226665137
ATP11B	0.393675188
POLR2G	0.875133612
HIST1H2AC	0.362242871
KIAA1109	-0.354547841
ATN1	0.090207163
FAS	0.253396545
DHCR24	0.40978867
PIGN	0.281072224
RAB3IL1	0.324407457
CDHR2	1.33733729
SLC2A10	-0.813545726
HSPG2	-0.049183382
FAM204A	1.358608208
DAZAP2	1.596967817
ACSS1	1.396372602
KRT4	-0.071821137
TLE1	0.090207163
TMC4	0.354547841
ABHD5	0.615439684
NBEAL2	1.220337618
NUDT16	0.706971566
AQP3	0.717558772
KMT2D	1.342704089
GYG2	0.53034089
RPL17-C18orf32	0.385718428
ST7	0.625284104
CCL5	0.377827741
ADPRHL2	0.615439684
FAM102A	0.605674627
IFITM10	0.309715463
ILF3-AS1	0.503330961
HDAC10	0.339350517
THOC2	0.875133612
ESCO2	0.828274229
ATHL1	-1.106063001
RBCK1	0.595988334
GRPEL1	0.558019062
ARID1A	0.044275202
IL20RB	0.029837145
RPL37	1.827988899
CGGBP1	0.749838479
CIB1	1.16223463
MROH6	0.213646504
FRAT2	0.92354302
RTEL1	0.029837145
ZMIZ2	1.265235835
C5orf24	0.140225184
ITSN1	-0.194544719
MAN2B2	0.111920452
FBXW9	0.294859531
TMEM140	-0.100961789
TCIRG1	-0.175946367
CSE1L	0.220127185
SREBF1	0.494473687
SERAC1	0.049183382
MRPL43	1.092312101
NADSYN1	1.065152103
CASKIN2	0.595988334
PCF11	0.539491983
SLMAP	1.250141017
IL2RG	1.502587575
B3GALNT1	-1.092312101
EIF4EBP1	1.148013983
DPP9	1.473988461
FAM120C	0.46833282
SLC37A4	1.890263587
ZDHHC1	0.45976119
GPC4	0.295271406
PIK3R4	0.015823175
XPA	0.839846795
PDXDC1	0.851513651
PRELID2	0.58638021
ZNF273	0.503330961
TMEM39B	0.512260907
ZDHHC17	-0.816795124
TRAK1	0.851513651
ACAD8	0.059144613
EFNB1	1.280461447
PLOD1	-0.015823175
PVR	-0.295271406
DENND1B	0.291307601
HAUS7	2.210047276
ARSB	-0.188289768
TAF8	0.377827741
FAM178A	0.655299683
FBXO6	0.253396545
ZSCAN5A	0.615439684
STAU1	0.253396545
SCAF8	0.794114053
EARS2	1.133912688
GULP1	-0.151916593
RPL23AP53	0.10641547
OGFRL1	-0.369708877
HNRNPA1	0.728231854
FUT2	0.760773468
KLHL22	-0.324407457
UBE2J1	0.839846795
KIF1C	1.16223463
RUFY1	1.374653225
KITLG	0.140225184
FAM96B	1.311311427
OTUB2	0.696469539
HMGXB4	-0.10641547
ZSCAN2	0.615439684
ATG2B	0.025119057
CSTF1	0.267114917
JPX	1.133912688
AAGAB	1.191039296
PSTK	0.369277166
ZBTB44	0.175946367
RPL39L	0.512943284
CCDC34	2.419474562
MRPL42	1.374653225
SNHG15	-0.069300835
RPL34	0.426171731
ETNK2	0.233271715
GNAQ	0.226665137
LMO7	0.92354302
SLC16A9	0.1578427
RNASE4	0.728231854
ITGAV	-0.385718428
PPP2R1A	0.635208497
NDUFA9	1.869286406
HSF2	0.123085488
CRLF3	0.064198212
GNAI3	1.16223463
CFAP36	0.044275202
EIF3G	1.932897564
ARAP3	0.324407457
SCHLAP1	0.331847406
RARA	0.346917194
FAM156A	1.16223463
KANSL3	0.794114053
MLEC	2.137015815
PAXIP1	0.973560676
APBB2	1.148013983
SDCBP2	0.346917194
FYN	0.426171731
KIF23	0.302462635
SHTN1	0.40978867
FAM86C1	1.280461447
FAM198B	0.260226045
APEX2	0.911292238
AASDH	0.006712594
SH3D21	-0.146044191
ELMO3	0.485688574
PRF1	0.530528086
SGK1	-0.10641547
PROSER2	-0.267114917
CAMKK1	1.390840975
GNAZ	0.274063521
GABRE	1.092312101
MINK1	1.615203202
ARHGAP10	-0.615439684
HNRNPA2B1	1.326939076
PDCD6IP	1.038440013
DENND5A	-0.442045079
NAA40	0.207222756
TXNDC15	-0.253396545
VEZF1	0.011244854
COMMD1	1.106063001
GANAB	-0.10641547
HMMR	0.749838479
CRB3	0.816795124
C18orf54	-0.207222756
DUSP2	0.213646504
TCTN3	0.059144613
LOC389906	0.671557034
SMIM12	1.508316608
PIP4K2C	1.078675532
SMARCC2	1.235175449
NFE2L2	0.760773468
RHBDD2	0.605674627
MIR6807	-0.039273296
SLC8B1	0.339350517
FAM69B	1.596967817
ACVR1	-0.100961789
KPNA4	0.686052008
LINC01123	1.543282177
MRPL24	1.051740645
WARS	-0.006712594
ZNF708	0.151916593
IRAK2	0.973560676
COX7A2	2.311897877
SOCS6	-0.044275202
LAGE3	0.442827998
RAB28	0.029837145
WSB2	1.106063001
CEP170	-0.182090425
PON2	0.675718296
NRD1	0.46833282
ARRDC2	0.049183382
NT5C	0.200855605
DKK3	0.430552819
ZNF146	0.200855605
FAM114A2	0.049183382
NANS	1.220337618
EPCAM	1.17657595
TRMT10A	-0.059144613
BCL6	0.615439684
MLXIPL	2.137015815
TOMM70A	1.133912688
TNFRSF1A	-0.512260907
ZNF451	0.029837145
GOLGA7	0.899141018
USP43	1.326939076
GOLGA8A	-0.163822822
DEPDC1B	0.362242871
BTN3A1	0.576849674
SFTA1P	-0.218939528
SLC9B2	-1.457057749
FUNDC1	0.986323602
PPHLN1	1.16223463
SERINC2	2.285926793
ANP32B	0.539491983
ZBED5-AS1	0.675718296
PLCB3	1.11992945
SNRPN	-0.038937271
KIAA0226L	1.89879126
KMT2B	1.025249084
MIR192	0.923292355
SF3A2	1.17657595
TMEM30A	-0.362242871
GIT1	0.717558772
PMS2P1	1.407173341
UBXN2B	0.069300835
EIF3CL	0.615439684
NLRC5	0.805408665
PICALM	0.207222756
CEP44	0.288141395
SNX5	0.548717858
ZNF608	0.370002697
SH3KBP1	0.339350517
PTAR1	0.362242871
RAB23	-0.006712594
PPIB	0.521264042
B4GAT1	0.07965427
MEA1	2.338225956
FAM171A1	0.826567655
MPHOSPH8	0.220127185
TAF15	1.407173341
UCKL1-AS1	0.706971566
ALKBH2	0.111920452
IRGQ	0.182090425
TTLL5	1.235175449
TRIM52-AS1	0.635208497
SLC4A1AP	0.362242871
VIPAS39	0.302462635
ZNF783	0.084905643
CHPF	0.260226045
MDFIC	-0.128746135
FDFT1	0.476975118
TOX3	1.767621741
INPP5E	0.039414949
PGGT1B	0.696469539
TMEM206	0.140225184
IFI27	0.362242871
CCDC14	0.331847406
OSBP	0.851513651
ACSS2	1.374653225
VPS8	0.760773468
TMED2	1.106063001
CELSR1	0.339350517
RABEPK	1.148013983
DIAPH1	0.393675188
ZNF282	0.960902148
TFAM	1.148013983
PUS7	1.998621852
BRD9	0.295271406
TRIM37	0.151916593
CCSAP	0.512260907
TCF3	1.491074007
YRDC	0.074452762
DNAJC4	0.377827741
OPN3	1.265235835
ZNF212	0.134459267
ELF3	1.423652259
MGAT4A	0.738991517
SERBP1	1.065152103
CCM2	1.012166756
DNAJA3	1.561009921
PDE9A	0.887088443
PAFAH1B2	0.020447822
SOAT1	-0.738991517
ECHDC1	1.038440013
RPS2	0.973560676
TMEM127	0.317030274
VANGL1	0.281072224
ZNF577	0.017880905
TK2	-0.892946498
BIVM-ERCC5	0.521264042
DCAF16	-0.059144613
ANKRD27	0.302462635
FABP1	2.917557
DDIT4	0.706971566
XPR1	0.100961789
LCMT1	0.805408665
CDC37	2.066605381
FASTKD5	0.805408665
SMC4	1.407173341
ING2	0
NCOR2	1.358608208
GLRX	0.090207163
LRRC20	0.839846795
ZNF865	0.175946367
ZBTB12	0.377827741
DLG3	0.548717858
NADK	0.567396147
LRRC16A	0.494473687
RAB11FIP3	0.503330961
BBC3	0.559861575
CERS4	0.759852866
ZNF518A	0.274063521
PAIP2	0.771797224
SAV1	-0.370002697
WRN	-0.034120894
PUF60	0.069300835
PCCA	2.066605381
EIF2B1	0.426171731
ZNF524	0.730179227
MESP1	-0.430552819
POLR2A	0.074452762
C7orf60	0.044275202
MAPK8IP1	0.645213481
IFITM1	1.092312101
COL6A2	-0.303036832
NOB1	0.816795124
USP5	1.025249084
SNORD88B	-0.094309397
SH2B1	0.169857272
HIST1H2AM	0.162140837
TP53INP1	0.625284104
HEATR3	0.839846795
PLEKHA8P1	1.265235835
CAP1	0.92354302
IQCE	1.326939076
NMRAL1	1.012166756
DNAJB12	0.302462635
DUXAP8	-0.175946367
DNAJC14	0.401698455
GOLPH3	1.025249084
PLCD1	1.025249084
EPS15	0.346917194
GNAI2	0.1578427
THAP1	0.635208497
C14orf142	2.021024207
OXER1	2.513029268
SACM1L	0.741146028
KPNA6	-0.451259743
SDC3	0.485688574
TMEM128	0.054139761
GPANK1	0.999191949
IL1RN	0.804343066
RNASE1	2.04368332
RNF128	1.065152103
LINC01061	0.645213481
TRAPPC11	0.095559116
MSTO2P	-0.317030274
SQSTM1	0.558019062
CTDSPL2	-0.069300835
MTRNR2L6	0.362242871
ZNF587	0.875133612
SLC7A2	-0.417153036
GSE1	1.133912688
SURF1	0.558019062
C1orf159	0.521264042
SH2D2A	2.161057947
HSPBP1	0.665467739
BCOR	0.696469539
GOPC	0.576849674
TIMM10	0.749838479
MIF-AS1	0.253396545
INO80B-WBP1	0.146044191
TAPBPL	0.986323602
PSMB7	0.220127185
FBLN1	0.169857272
EGFL7	0.213646504
MMP28	0.875133612
ORAI1	1.561009921
RNFT1	0.213646504
CCNO	0.331847406
SUMO3	0.92354302
EMC4	0.548717858
RNASEH2C	0.281072224
CFLAR	0.246626057
HS6ST1	-0.485688574
GCSH	1.025249084
BEND3	1.390840975
ZFP91	0.260226045
DHX33	-0.111920452
SGTA	0.986323602
UBTD1	-0.175946367
LAMC2	0.567396147
ARHGEF3	0.324407457
SCARA3	-0.625284104
RPS27L	1.423652259
SH3BGRL	-0.675718296
WAC-AS1	0.281072224
PDE12	0.635208497
PTBP1	0.605674627
FAM193B	0.442827998
RGMB	1.012166756
APBB3	-0.875133612
TMEM129	0.503330961
ANKFY1	0.034602353
VRK3	0.724731987
NDUFC2	1.457057749
MRPS6	1.250141017
SAMD8	-0.317030274
GLCE	1.911465726
CRKL	-0.117477026
ARHGEF2	0.317030274
SOSTDC1	0.282321731
RBM34	1.148013983
CCDC186	0.512260907
GRHL2	0.46759453
SMTN	0.267114917
MARK3	0.044275202
GAA	-0.401698455
VPS39	0.163822822
WDR47	-0.015823175
RFFL	0.182090425
PDIA5	0.986323602
FOXA1	-0.558019062
LOC644656	0.291307601
NAPRT	0.07965427
PARP12	0.476975118
CACNB1	0.039414949
UBE2D4	0.665467739
COL13A1	-0.122547746
CASP9	0.324407457
TMSB4X	1.787538915
BMF	0.305955545
PRR15L	0.558019062
CDK4	1.869286406
LUZP1	0.084905643
ALG14	2.68727
C11orf80	0.377827741
SNRPF	4.386951175
ANKLE2	0.100961789
RPPH1	0.671557034
CLK3	1.596967817
NT5DC3	0.794114053
RAB3A	0.194544719
COQ2	0.875133612
PLXND1	0
PQLC3	-0.100961789
C1GALT1	0.706971566
FAM188B	1.374653225
MEP1A	2.413882796
PTPN2	0.074452762
TNK2	0.782910497
ZNF429	0.029837145
TRIM47	0.117477026
UCA1	0.064198212
HAT1	0.655299683
TYW1B	-0.090207163
VPS9D1-AS1	-0.015823175
EPB41L5	1.092312101
MYH15	0.494473687
EFHD1	-0.022736326
NUDT6	-0.100961789
PIK3CB	0.331847406
SGOL1	0.794114053
ZNF532	-0.485688574
UBE2V2	0.128746135
FOXD2-AS1	1.457057749
SHISA9	0.53034089
HPS6	0.567396147
ZNF483	0.309715463
STK11	1.012166756
SMAP2	1.440279714
KRT17	0.243197106
SNX25	0.442827998
POMK	-0.426171731
C3orf62	0.401698455
AGT	0.567904282
CTNNBL1	0.253396545
C7orf26	1.295819437
LARP4	1.390840975
GEMIN4	0.243197106
CCZ1B	1.869286406
CNOT3	1.106063001
CDIP1	0.686052008
URM1	0.706971566
SEPSECS	0.111920452
TNFAIP1	0.246626057
TNIK	1.265235835
PLEKHF1	0.220127185
IFRD2	1.311311427
CORO1A	0.194544719
SAMM50	1.295819437
PRKCA	0.220127185
PAM16	0.696469539
FANCC	0.760773468
LYSMD1	0.46833282
CMAS	1.633613171
PDP1	0.875133612
TMEM60	0.692547218
C12orf29	0.839846795
GTF2I	0.200855605
ILKAP	0.708533458
PLIN2	1.767621741
MYO19	-0.074452762
SNRK	0.140225184
TUBD1	0.324407457
NUP50	-0.020447822
ZNF664	1.250141017
ZFYVE9	-0.494473687
GALT	0.625284104
RNF144A	-0.146044191
BCAT1	1.532795554
PRCP	-0.146044191
CTHRC1	-0.036520921
COMMD7	0.385718428
ANAPC4	0.339350517
CCNT2	-0.064198212
OTUD5	1.012166756
SFT2D2	0.476975118
HOXB7	0.749838479
ABCD3	1.038440013
HNRNPA0	0.863275638
MTMR3	-0.10641547
IRF8	1.33950595
DNAH14	-0.049183382
ENGASE	1.508316608
CRTC2	1.191039296
EFNA4	0.539491983
C9orf40	1.17657595
NUMBL	-0.288141395
ESCO1	0.401698455
ZNF41	0.999191949
NRBF2	0.434465483
HOXB5	0.605674627
LRRC75A-AS1	0.539491983
ZNF841	0.084905643
HEATR6	-0.025119057
ANKHD1	0.370002697
SC5D	0.451259743
LOC646214	0.239914227
ZC2HC1A	0.064198212
SLC35F5	0.426171731
RUNX3	1.695159038
ATP7B	0.794114053
TMEM9	0.362242871
MYO10	0.655299683
MAPK13	0.887088443
SEL1L	0.346917194
CMTR1	0.084905643
ZNF286A	-0.239914227
RCL1	0.805408665
PI3	0.631486984
ITGB7	1.157097909
TMEM101	-0.163822822
NUDT13	0.362242871
CCNK	1.596967817
JADE2	0.064198212
SAT2	0.188289768
ORAI2	-0.128746135
TRIP11	0.200855605
ZNF785	-0.049183382
TPX2	0.655299683
PPT2	0.039414949
RPL36AL	2.624196329
SSR4	1.311311427
HMHA1	-0.011244854
FKBP5	1.051740645
COG3	0.46833282
SIL1	0.049183382
FAM83G	-0.100961789
SPON2	0.302010561
LENG1	1.747904744
RBMXL1	-0.309715463
NUP93	0.220127185
KRT19	0.548717858
TOP1	0.354547841
GAGE4	0
ZDHHC11	-0.044275202
GRK6	1.633613171
PUS1	1.728384316
SETD8	2.260301561
MAPKAPK5	2.71969323
GOLGB1	0.151916593
SRP9	0.863275638
WDR45B	0.839846795
CDK16	1.652200557
LRRC58	0.605674627
NUP37	1.890263587
SLC41A2	0.025119057
AP1G2	0.151916593
ATP10B	1.280461447
KCTD2	0.182090425
ICAM1	-0.782910497
LMNA	0.539491983
GLRX5	2.235011688
SNIP1	-0.039414949
TROAP	0.512260907
LINC00888	0.07965427
LCAT	-0.064198212
WEE1	0.40978867
THUMPD1	0.899141018
RPS29	2.533620609
CYFIP1	0.064198212
DAGLB	0.576849674
BOLA1	1.491074007
SUCO	0.213646504
LINC00649	0.558019062
DMAP1	-0.226665137
PAX8-AS1	-0.175946367
GPR153	1.157097909
HDAC7	-0.134459267
FAM76B	0.717558772
WBSCR16	1.17657595
ZDHHC20	1.012166756
NAT10	1.250141017
GALK2	0.960902148
SBF2-AS1	0.393675188
B4GALT6	-0.58638021
ZCCHC14	0.738991517
CIZ1	0.393675188
PIGR	1.633613171
AQP1	0.887088443
RPS18	0.960902148
STXBP3	0.805408665
HCN3	0.40978867
RPL26	1.423652259
PFKP	-0.274063521
SARNP	1.311311427
ITSN2	1.11992945
NARFL	0.782910497
LINC01503	-0.426171731
TRIP12	-0.146044191
MMP15	0.442827998
BET1L	1.012166756
SCOC	0.401698455
TFF2	1.231099386
TSPAN12	1.025249084
SFI1	0.074452762
SIDT2	0.899141018
TUBB2A	-0.385718428
SDHA	1.827988899
PSMC6	1.191039296
CROCCP2	-0.10641547
VCPIP1	0.239914227
FGF13	0.499389792
ETFDH	0.828274229
MRPS16	1.932897564
MAN2B1	0.059144613
ATG9B	0.434465483
ZNF84	0.111920452
FABP6	2.076234311
GUSBP1	0.134459267
EIF3J	0.816795124
AP3B1	0.324407457
KRTCAP2	1.133912688
ZNF611	-0.576849674
PCYOX1	0.169857272
TRIM56	0.317030274
NOXO1	0.635208497
KRT13	0.031855038
HR	3.044974486
FAM192A	0.686052008
VPS35	0.40978867
SOCS7	0.025119057
CCT6A	0.92354302
CEP95	0.973560676
PDZD11	0.539491983
FOXJ3	0.302462635
PHRF1	0.92354302
NOL8	1.728384316
RCE1	-0.091546131
LPCAT2	0.207222756
DYRK4	2.624196329
PVT1	0.074452762
HIF1AN	0.675718296
TNFRSF11B	0.243197106
ABCC2	0.274063521
CYHR1	0.088915695
FCHO2	0.302462635
WDR43	0.782910497
PRPF38B	2.71969323
CSNK2B	1.092312101
CCDC82	0.213646504
RPL23AP7	1.578904276
REEP2	-0.438440621
MAP3K2	-0.025119057
MOGS	0.1578427
ERBB3	1.092312101
RPS2P32	0.782910497
SLC35C2	0.426171731
CNPY4	0.020447822
SCARNA9L	0.550675806
LRP11	1.508316608
ZNF329	-0.675718296
E2F6	-0.074452762
LINC00869	0.548717858
PSMF1	0.973560676
THUMPD2	1.029243177
SLC50A1	0.302462635
TEX10	0.111920452
MPLKIP	1.787538915
GTPBP10	1.220337618
TMEM120A	0.512260907
SCAP	0.696469539
CENPBD1	-0.239914227
RALBP1	0.200855605
TAPBP	0.226665137
MCTP2	2.021024207
ANKRD13A	-0.175946367
SERPINF1	0.826567655
ZDHHC2	0.385718428
SBDSP1	0.10641547
KRT34	0.306728152
NELFCD	0.615439684
SNTB1	0.828274229
LMTK2	0.494473687
CHKA	0.665467739
ADK	0.675718296
MYL6	1.473988461
HIP1	0.044275202
KTI12	-0.054139761
TUBGCP2	0.935894296
RPP21	0.839846795
PABPN1	0.839846795
MELK	0.686052008
ASCC3	1.133912688
CALM2	0.749838479
NOL11	0.163822822
CBX4	0.40978867
BOD1L1	0.090207163
U2AF1L4	-0.200855605
CHAMP1	0.451259743
APOE	-1.326939076
SLC36A1	0.111920452
ZNF280D	0.451259743
MED11	1.728384316
FBLIM1	1.025249084
TSC22D3	-0.100961789
DPF2	0.596034524
ANKS1A	0.805408665
TAF6L	0.346917194
AKNA	0.92354302
UMPS	0.771797224
ARHGAP8	1.078675532
HMGN1	0.986323602
DNAL4	0.539491983
HMGCS1	0.45976119
ZNF185	0.476975118
ZNF669	0.393675188
DERL1	-0.151916593
FBXO16	0.191974828
ASAP1	-0.302462635
CDC16	0.385718428
CAP2	-1.652200557
GNB1L	0.521264042
TNFRSF21	0.253396545
PTGR2	0.558019062
ZNF784	0.015823175
ARID5A	1.33733729
MYO5C	0.986323602
AATF	0.295271406
MPHOSPH6	0.426171731
TRIM27	0.274063521
UGDH-AS1	0.485688574
TSPAN5	0.828274229
ZNF354A	0.354547841
CYB5A	1.133912688
ANXA8	-0.188186794
MBNL3	0
RBP2	1.329625838
HSBP1L1	-0.213646504
TSPAN33	-0.274063521
RILPL1	-0.302462635
SCAF11	1.16223463
APRT	1.11992945
MAST3	0.816795124
S100A11	0.863275638
ARMCX3	-1.390840975
CADPS	1.82265127
TIMM50	1.235175449
MTSS1	-0.123085488
IAH1	0.863275638
ST3GAL2	0.771797224
MAPRE2	0.749838479
NR2C2	1.295819437
ACO1	0.40978867
FRMD8	0.090207163
DIDO1	0.521264042
SFTA2	0.917222008
TMEM64	-0.46833282
NDUFS7	1.457057749
SUPT5H	0.605674627
GPS1	0.521264042
NPC1	0.200855605
ZPR1	0.494473687
B3GALT5	1.4486632
LYPLAL1	0.521264042
PMEL	0.46759453
IDH1	0.655299683
MGA	0.309715463
PRSS12	-0.155572931
GPI	1.652200557
DMPK	0.346917194
URGCP	0.728231854
CGB5	0.081232858
RCAN3	0.194544719
NDUFAF3	1.358608208
FNBP1	0.40978867
USP39	1.615203202
EML2	1.358608208
TBL1XR1	0.494473687
ZFP36L2	1.95456405
ZNF337-AS1	0.782910497
CBX8	0.6872651
TMEM80	0.140225184
TMEM68	0.039414949
SENP3	-0.194544719
BYSL	-0.011244854
TNFRSF1B	2.04368332
RBM27	0.151916593
HAGHL	0.058308565
IL17RC	-0.188289768
RPS8	0.393675188
ZNF197	0.615439684
RSRC1	0.911292238
GOLIM4	1.423652259
GTSE1	-0.006712594
PPA1	1.596967817
TGFB1I1	0.049183382
RRM2B	0.084905643
C3orf52	0.049183382
C1QTNF6	-0.393675188
VPS72	1.148013983
LINC00460	0.884402582
FASTKD2	0.558019062
PLAUR	-0.46833282
SNORA51	0.018233626
DBNL	1.038440013
UCKL1	0.53034089
ZNF91	0.595988334
ZNF740	0.324407457
PYGL	0.512260907
STRA13	1.807660006
LAMA5	0.100961789
EXOG	-0.015823175
SYMPK	0.426171731
ZFC3H1	0.451259743
MYO7B	1.567666368
UROS	0.738991517
UHRF1	-0.169857272
HLA-F-AS1	-0.273781456
CLN3	1.11992945
TOM1L1	0.226665137
UBQLN1	0.295271406
HLA-DRB1	0.066049572
MTL5	0.728231854
CDC14A	0.090207163
ZNF143	1.205626048
CDCP1	0.002226135
CDS1	0.354547841
ZNF688	0.755297769
SLC17A9	0.146829238
EPHB4	-0.006712594
RAB8A	1.728384316
CLNS1A	1.508316608
BOP1	0.175946367
UBXN7	-0.111920452
SH3BP1	1.578904276
IFT52	0.117477026
COQ5	0.253396545
ELL2	0.07965427
PPOX	0.134459267
C2orf76	1.065152103
CLINT1	0.771797224
UBTF	0.220127185
GTF3C4	-0.246626057
ITGA2	-0.069300835
C7orf25	0.451259743
RCN3	0.960902148
ZNF512	-0.059144613
GALNT12	0.354547841
B2M	0.521264042
BPNT1	0.706971566
IRX2	-0.499492816
TMEM161A	0.274063521
E2F4	0.828274229
STYX	0.749838479
SLC25A44	0.839846795
ST7L	0.204283518
SNRNP27	1.078675532
PRKCZ	0.53034089
RB1CC1	0.267114917
HSPA2	0.370002697
HNRNPA1P10	0.370002697
ZNF280C	0.207222756
LRRC47	0.331847406
CAMKMT	3.413832665
SRMS	0.645213481
IL6ST	-0.434465483
NUDT1	2.71969323
GALNT14	0.132956872
UBAP2L	1.078675532
GPX2	1.179484923
POLR2J3	0.476975118
HNRNPL	0.393675188
PTPN3	0.494473687
LYPD8	2.169702709
UHMK1	0.385718428
PABPC1L	-0.362242871
RCN2	0.595988334
ABCC5	-0.07965427
RARS	0.331847406
DNAJC16	0.134459267
DDB1	0.362242871
CNN2	0.960902148
IGF2R	0.558019062
AP4B1-AS1	0.370002697
RBM22	0.655299683
ATXN3	0.476975118
UMAD1	0.794114053
HCP5	1.235175449
TICAM1	1.11992945
LZTR1	-0.434465483
USP9X	0.226665137
PIGC	0.875133612
GALNT18	0.226728358
COX18	0.595988334
LPAR5	2.71969323
RAB8B	-0.288141395
ANKRD13B	0.935894296
ZMYM5	0.207222756
PCDHGC3	0.361538607
SCO2	0.986323602
PRKD2	0.45976119
CCL15-CCL14	1.525872686
MNX1	0.655299683
AGPAT2	0.875133612
G6PC3	0.686052008
GLMN	0.362242871
PADI1	0.655299683
MAT2A	0.015823175
KRI1	0.655299683
WDR1	0.605674627
MTO1	1.025249084
DCXR	0.875133612
MARK4	-0.370002697
HNRNPAB	1.578904276
LARGE	0.426171731
DCTN6	0.512260907
RNF186	2.117606958
LUC7L2	0.986323602
ILF3	0.182090425
PRR4	0.999191949
AKR1C3	1.265235835
SMURF1	0.207222756
AGPAT9	-0.645213481
DNAJC10	0.442827998
TFPI	-1.250141017
CCDC163P	0.128746135
BACE2	0.385718428
PCMT1	0.539491983
ULBP1	-0.260226045
ZNF428	0.324407457
CLASRP	0.451259743
EPS8L3	2.624196329
MRPS12	1.561009921
EHD1	0.074452762
SPECC1	0.213646504
ACBD4	0.015823175
NCAPH	1.078675532
SPTLC2	0.331847406
SPDEF	0.149884095
PPP3CC	0.207222756
STRN	1.051740645
EIF1AY	-0.004423163
HMGB2	0.200855605
CNNM4	0.92354302
GNPDA2	-0.581513788
MTMR4	0.029837145
VPS13C	0
ZNF438	0.267114917
VPS18	-1.025249084
RSRC2	0.92354302
DNAJA4	0.635208497
GCSHP3	0.567396147
SREK1IP1	0.92354302
ALKBH3	0.220127185
CPEB4	0.58638021
DBNDD1	-0.645213481
HES2	1.615203202
PBXIP1	0.123085488
CMPK1	0.960902148
TMEM123	0.281072224
CHTOP	0.986323602
MIR1182	-0.222971431
UXT	1.358608208
RNASEH1-AS1	2.96656285
CCNE2	0.220127185
MKL1	0.339350517
KLHL36	0.226665137
UBE2E2	-0.064198212
NDUFC1	1.025249084
NFKB1	-0.502712377
ACAT2	1.012166756
ZNF431	0.134459267
SLC35B3	0.40978867
CASP7	1.295819437
ARID3A	0.686052008
NONO	0.393675188
WARS2-IT1	0.558019062
ARID4A	0.226665137
ANKRD50	-1.265235835
MKI67	0.595988334
LMO4	0.059144613
H3F3A	0.323544707
KREMEN2	-0.207222756
ANKRA2	0.539491983
BATF	0.564283136
KAT6A	0.220127185
RWDD2A	-0.347467304
RAET1L	0
GON4L	0.45976119
RRAGB	-0.046110959
SERPINI1	0.58638021
SYCE2	-1.149706494
ZNRF3	0.039414949
FOXP4-AS1	1.100604958
DOK1	0.434465483
MUTYH	2.65544729
SLC25A51	0.53034089
PFN1	2.392001259
YIF1B	0.377827741
SEPN1	-0.393675188
ATG14	0.331847406
POLR3A	0.260226045
PLIN3	0.140225184
POGLUT1	0.069300835
CHM	-0.385718428
ICAM2	-0.054139761
CREB3L1	0.274063521
LRFN4	0.006712594
KIAA0391	1.508316608
MFSD9	1.295819437
POLG2	-0.034602353
TMEM81	0
ADGRG5	0.095559116
MUC20	0.771797224
IARS	-0.267114917
POP1	0.163822822
FAM185A	1.148013983
CXCL16	0.476975118
PARG	0.370002697
NGFRAP1	-0.442827998
NGDN	1.065152103
TACC1	1.235175449
CWC15	1.329071118
SCEL	0.094189038
COL4A2	0.749838479
PTPRU	0.317030274
CAMK1D	0.288141395
PODXL2	0.317030274
DHRS4-AS1	2.021024207
SFXN1	0.111920452
KIAA1467	-0.295271406
NBPF25P	0.140225184
TBRG4	0.576849674
TMEM222	0.385718428
TRAPPC6B	0.302462635
ANO10	0.175946367
PRPF31	0.548717858
VDAC2	1.265235835
PPDPF	1.078675532
TAF7	0.175946367
ITGA5	-0.07965427
RSRP1	0.485688574
PPAN-P2RY11	0.302462635
LYPD6B	1.390840975
BRMS1	1.652200557
CHST15	-0.090207163
NIFK	1.670968287
MRPL57	0.548717858
TFCP2	1.689919385
MGLL	0.175946367
GMDS	1.220337618
EMC2	0.385718428
FNIP1	0.274063521
GOLGA8B	0.054139761
EIF2S3	1.407173341
MTRNR2L10	0.090207163
ENY2	1.423652259
UEVLD	1.106063001
CEBPZOS	1.17657595
ARL14EP	0.512260907
SF3B4	1.250141017
TBRG1	0.738991517
HDAC11	0.771797224
MAP4	0.434465483
ASNSD1	0.494473687
CMTM4	0.401698455
LINC01588	1.148013983
GAB2	0.309715463
THRIL	1.106063001
CRYZ	0.020447822
ZMIZ1	1.051740645
PRPF19	1.827988899
GSTK1	1.205626048
STAG1	0.260226045
NOTCH2NL	-0.576849674
CKLF	0.503330961
DRD2	3.710931779
AKAP8	1.543282177
POLG	1.457057749
ARMC6	0.728231854
NPRL3	0.605674627
CCNA1	1.242784836
TMEM158	0.485688574
PHTF2	-0.049183382
CCPG1	-0.200855605
FRG1	1.133912688
DYNLT1	1.561009921
UBE2S	-0.025119057
TEX30	0.417946278
SULT1A3	1.326939076
TARS	0.260226045
THRAP3	0.226665137
TPTEP1	0.163822822
PCBP2	1.205626048
RNF123	0.548717858
AGAP2-AS1	-0.309715463
TRIM33	0.558019062
DHRS3	0.53034089
CALML4	1.473988461
FECH	-1.525718547
PHGR1	1.484426656
OVOL1	1.747904744
TCOF1	0.749838479
XRRA1	0.039414949
ZNF789	0.539491983
LOC100506100	0.088915695
ZBTB34	0.059144613
JUND	0.805408665
PSMD8	1.250141017
SDCCAG3	0.686052008
CRELD1	0.090207163
GDPD5	0.774633951
PHF5A	0.558019062
NARF	0.645213481
SLC1A5	0.246626057
CDKN2C	0.339350517
POLR3C	0.749838479
FBXO45	0.281072224
RNF187	0.645213481
PTPRCAP	-0.149884095
WHSC1L1	0.288141395
FAM83F	0.194544719
TRAPPC4	0.521264042
CMTM8	1.187018958
RFX7	-0.401698455
RRP36	0.58638021
TMEM160	0.233260703
MCM2	0.146044191
MYEOV2	1.092312101
ZNF791	0.029837145
ZCCHC10	0.828274229
KCTD1	-0.46833282
CREM	0.213646504
NHEJ1	2.021024207
PRSS22	0.011244854
LZTS2	-0.194544719
IL20RA	1.457057749
VPS13B	0.302462635
FAM21C	-0.039414949
CEL	1.596967817
MAPK3	0.595988334
COMMD10	0.960902148
TUBG1	0.58638021
GTF2A2	1.374653225
HSF4	0.246626057
LINC00997	0.615439684
NRP2	0.503330961
RBL1	0.899141018
CDK12	-0.169857272
CAPN5	1.342704089
VCP	0.281072224
SUOX	1.561009921
TMED10	0.635208497
FBXO21	0.200855605
TMEM62	0.771797224
DDOST	0.117477026
GOLPH3L	1.038440013
DDX56	0.434465483
CEP164	0.46833282
TMEM214	0.605674627
PLD1	0.816795124
H19	0.295271406
FBXO46	0.92354302
HSD17B7	0.875133612
LANCL1	0.295271406
PDPK1	0.771797224
ZNF217	0.53034089
FAM213A	0.090207163
SYNGR3	-0.442579777
LMF1	0.281072224
MBD6	1.423652259
PCED1A	0.002226135
DFFA	-0.07965427
ZFAND2B	2.089796882
CALM3	1.342704089
ZNF331	-0.346917194
DCTN1	0.134459267
NSUN3	0.567181351
VEGFB	0.075949159
CLASP1	0.146044191
CHMP4C	0.090207163
EPHB3	1.280461447
GINS1	0.385718428
ARFGEF2	0.665467739
RUNX2	0.123085488
ELF2	0.002226135
DBF4B	-0.111920452
MSMO1	0.548717858
CSF2RA	0.140225184
CDC42BPG	0.40978867
CLCF1	-0.233260703
FANCL	0.828274229
SCAI	0.054139761
FAM45A	0.45976119
KLF5	1.205626048
ANXA6	0.169857272
CCBL1	0.182090425
AHCTF1	0.749838479
ZNF148	0.175946367
DLAT	1.265235835
IL10RB	0.494473687
BCL2L11	0.899141018
HES1	1.787538915
DUXAP10	-0.760773468
MKLN1	0.182090425
XYLT2	-0.020447822
SQRDL	1.148013983
FDXACB1	0.615439684
LINC00428	1.205626048
ZNF106	-0.615439684
AKAP12	-0.200855605
ORC2	0.576849674
CCDC23	0.605820922
ZNF202	0.188289768
SRP19	0.615439684
ARHGEF28	0.034602353
MIEN1	0.948347016
RBM38	0.960902148
CDC45	0.53034089
FAM171B	-0.655299683
ZYG11B	0.044275202
FOS	0.169857272
ATP6V1A	-0.020447822
NUP43	0.370002697
DUS4L	1.148013983
EMC3-AS1	0.760773468
SPG11	0.45976119
PRKCI	0.090207163
CACFD1	0.655299683
HOXA2	0.47626
FBXO30	0.020447822
PPL	0.151916593
EFNA2	1.17657595
NUDCD2	1.012166756
BTN3A2	0.213646504
KIN	0.226665137
PEBP1	0.875133612
KIF16B	1.135028683
CA2	-1.012166756
CCDC86	0.605674627
FOXC1	0.117477026
EXOC8	0.07965427
EIF1AX	1.17657595
HSPA4	0.686052008
MIR762HG	0.377827741
PPP1R26-AS1	0.207222756
YPEL5	0.1578427
SRD5A1	1.423652259
SPC25	1.148013983
NAF1	0.442827998
RABL3	0.362242871
CAB39L	1.025249084
CHORDC1	1.133912688
ADGRA3	0.605674627
LIMK1	1.17657595
EEF1E1	0.567396147
TMEM143	0.92354302
DYNC1LI2	0.281072224
TMEM164	1.17657595
ACADVL	1.235175449
M6PR	0.401698455
RFK	1.11992945
RELB	0.123085488
FNDC3B	-0.011244854
EBP	1.248616353
ABCB10	0.521264042
BRCA2	0.175946367
SLX1A	1.767621741
BAIAP2L2	1.689919385
RECQL	0.246626057
DENND4A	0.111920452
EDC3	0.281072224
MEX3A	0.011244854
LOC100288798	0.334980445
MOK	0.084905643
TMPRSS11E	-0.064214178
CABLES2	0.794114053
PID1	0.602471673
MAGOHB	0.92354302
GCC1	0.090207163
GTF2IP1	0.324407457
ZAK	0.260226045
ZNF443	0.512260907
AP5M1	2.089796882
APP	0.426171731
ATP13A3	0.512260907
RPL6	1.491074007
LRIF1	0.331847406
ADAM15	0.738991517
ZBTB39	0.828274229
TRIM32	0.049183382
OSBPL7	0.839846795
TUSC1	-0.163822822
PRMT2	0.944701609
AKAP2	0.417946278
PPP1R11	1.342704089
QSOX1	-0.117477026
NPHP3	0.45976119
NREP	-0.117477026
SLC51B	1.173600995
STARD10	1.078675532
FAM172A	0.331847406
POU2F1	1.106063001
PPP2R5C	0.771797224
C14orf159	0.038864585
ANXA10	0.680242892
SEC22A	0.339350517
TMEM212	0.655299683
DNAJA2	0.948347016
DUSP18	1.220337618
SMA5	0.595988334
C3	-0.091546131
PAPD4	0.339350517
RUVBL1	0.696469539
SMG1P1	0.07965427
ZNF395	0.576849674
HIF1A	-0.006712594
SYNJ2BP	0.816795124
RPL23A	0.749838479
GJB5	3.325774809
ECE2	0.828274229
ALDH7A1	0.53034089
EPB41	0.53034089
CDK11A	1.191039296
WASL	0.207222756
STAM	-0.346917194
PTPRF	0
CARM1	1.326939076
ZNF566	0.100961789
C15orf57	0.069300835
LRCH4	0.426171731
SLC43A2	0.220127185
ENO1	0.100961789
KIAA1257	0.320166091
ITGB5	0.151916593
REEP4	0.521264042
SMPDL3A	1.390840975
KIAA1549	0.429517908
PLTP	0.317030274
SNRPG	1.976470347
ANKRD13C	0.295271406
NBL1	2.392001259
ERGIC1	0.675718296
SLC25A15	0.771797224
HEATR1	0.503330961
SHARPIN	0.134459267
IFI27L1	0.838394204
AK4	-0.233260703
TRMT61B	0.426171731
PGK1	0.362242871
HSPA4L	-0.558019062
HEBP2	1.890263587
ELP2	-0.253396545
NIPA2	0
EXTL2	-1.11992945
RPRD2	1.092312101
SUGCT	0.116018106
TAGLN	0.048492133
CDAN1	0.302462635
MTX3	-0.274063521
VPS9D1	-0.207222756
GUSB	0.828274229
COPS3	0.973560676
AKT2	0.675718296
ELF4	0.503330961
SDHAP2	1.709056982
SKIV2L2	0.494473687
FAM156B	1.673787781
SCYL2	0.558019062
SLC39A11	0.288141395
CDC25A	1.578904276
RAB4B	0.655299683
C15orf39	0.625284104
PFDN4	0.295271406
YDJC	-0.002226135
LINC01554	1.220337618
IFT81	0.521264042
TMEM231	0.442827998
TMEM147-AS1	0.059144613
C19orf25	0.548717858
KRT23	1.265235835
GDI1	0.025119057
RLIM	0.011244854
GABPA	0.207222756
WDFY2	0.270322522
TDP1	1.390840975
RUVBL2	0.805408665
TRPC4AP	0.485688574
ARL2BP	-0.069300835
DNAJC2	1.16223463
MFSD1	0.331847406
CDK1	1.543282177
MTRNR2L9	0.494473687
NSUN5P2	0.354547841
ZC3H3	0.346917194
JAK2	1.16223463
MYD88	0.728231854
NR2C1	0.324407457
HLA-A	0.485688574
RHOD	0.665467739
C6orf132	0.07965427
CDK2AP2	1.002260353
SLC27A1	-0.002226135
UIMC1	0.53034089
CDCA2	0.182090425
LYSMD3	0.182090425
FMOD	1.741478229
H1FX	0.451259743
MYBBP1A	-0.064198212
SLC20A1	0.362242871
RAB22A	0.738991517
ITGAE	0.982347356
CDKN2D	-0.069300835
NR4A2	0.220243367
C14orf119	0.986323602
ATRIP	0.92354302
CCDC91	0.370002697
LHPP	0.503330961
TRABD	0.064198212
FOXP4	1.407173341
AGER	-0.185600844
RECQL5	0.084905643
PPP1R18	-0.128746135
KLHL17	-0.246626057
SCAMP5	0
ARL8B	0.40978867
MED14	1.042923154
MORC2-AS1	0.152644963
LINC01224	0.794114053
PPP2CA	0.362242871
RBM41	0.476975118
PSCA	1.188716681
CD99L2	-0.044275202
PITX2	-0.020447822
ARPIN	0.738991517
ST3GAL4	0.015823175
DCTN2	0.92354302
GLIPR2	0.359365658
C5orf45	0.054139761
PIGH	0.635208497
RDH13	1.390840975
ABCG1	0.207222756
TTC26	-0.049183382
TPD52L2	0.117477026
MICALL2	0.717558772
RNF32	0.521264042
PDCD11	0.451259743
POLR3D	-0.140225184
GABPB1	0.006712594
PHF2	0.717558772
MIR663B	-0.339885421
PLAC8	0.503330961
PPIP5K1	0.054139761
ISY1-RAB43	0.948347016
PNO1	0.782910497
ERRFI1	-0.095559116
DOCK7	0.207222756
TMPRSS4	1.374653225
ACSL5	1.561009921
RNF38	0.256639212
FBXO27	0.805408665
DAPK2	0.875133612
TMEM261	1.295819437
CASP8AP2	0.370002697
SIK2	0.911292238
TTC3	0.512260907
PHLPP1	0.521264042
RPGR	2.311897877
RAD54L2	0.558019062
MRPS33	2.04368332
NELFE	1.106063001
MOCS2	0.58638021
FAM3D	0.835977301
ZNF248	0.185600844
RPS24	2.235011688
POP5	2.419474562
LSM2	1.106063001
SLC25A40	0.675718296
MNT	0.521264042
ADORA2B	0.738991517
RCBTB1	-0.393675188
MRPL47	1.235175449
XRCC1	0.717558772
USP24	0.999191949
DCAF17	0.675718296
ZNF800	0.485688574
NRAV	0.476975118
OLA1	1.848529634
CRK	0.426171731
ATXN2L	0.605674627
MTA3	0.686052008
GPR137B	0.134459267
C9orf172	0.494473687
PRKAR2A	0.521264042
ULK1	0.194544719
STIM1	0.346917194
PLCG1	0.194544719
DSTN	1.295819437
TWF2	0.401698455
ME2	0.200855605
UBE2D2	1.220337618
UBQLN2	0.986323602
MFAP1	0.07965427
PIP5K1B	1.652200557
KLC3	-0.567396147
ALYREF	0.260226045
CDC42EP4	0.485688574
ENAH	-0.246626057
HAS2	0.288141395
SPATA24	1.374653225
GAN	0.696469539
NBN	-0.059144613
SLC25A26	1.012166756
EP300-AS1	0.46833282
LIPA	-0.068316312
ISYNA1	-0.182090425
SEMA4B	0.054139761
HSPA1B	0.253396545
TSNAX	0.049183382
ARL5B	0.07965427
TRAPPC5	0.576849674
PDZK1	0.645213481
KLHL8	0.128746135
SLC27A2	0.539491983
TMEM50A	0.393675188
CHMP4B	0.863275638
CD151	0.253396545
TELO2	0.426171731
CCDC77	0.645213481
IL1RAP	-0.074452762
SF3B6	0.728231854
CALU	-0.782910497
NEK4	0.973560676
SDHAF2	0.887088443
SIRT6	0.749838479
EPHX2	1.025249084
STOM	0.986323602
PVRL4	0.665467739
BRD3	0.58638021
CHD8	-0.146044191
VEGFA	0.738991517
ANO9	1.205626048
SUN2	0.059144613
COL6A1	-0.07965427
VPS4B	0.207222756
ANXA9	0.226665137
MTRNR2L2	0.339350517
CSNK1E	0.370002697
GCC2	0.45976119
GATA6	0.875133612
GTF2H4	-0.362242871
TFG	1.025249084
ACIN1	1.295819437
TMEM135	-0.074452762
PSTPIP2	0.92354302
MFN2	1.728384316
ERI3	0.393675188
NDUFB3	1.473988461
CTCF	0.738991517
WTIP	-0.182090425
C11orf57	0.239914227
EPB41L1	0.665467739
TPT1-AS1	0.426171731
IFIT5	-0.200855605
DDX55	0.999191949
PRADC1	1.491074007
TNFRSF6B	-0.147281709
SH3GL1	0.220127185
SLC46A3	0.169857272
WNT3	0.151916593
ZBTB8OS	2.96656285
SAPCD2	1.148013983
MON1B	0.393675188
PTPN6	0.782910497
MTIF2	2.65544729
NAPEPLD	1.358608208
APH1A	0.53034089
PTOV1-AS1	0.074452762
ZNF721	-0.049183382
C17orf49	0.309715463
CD8B	1.786864093
PPFIA1	-0.074452762
PAGR1	0.760773468
RFWD3	0.973560676
PFDN1	0.476975118
CAMSAP2	0.002226135
LOC102724034	0.863275638
CTSA	1.220337618
ZHX1	0.635208497
GAS5	0.220127185
SLC12A9	0.295271406
CPPED1	0.675718296
C12orf57	-0.246626057
SRP54	0.512260907
GATM	1.422318237
UBXN1	0.595988334
LXN	-0.126891692
SMARCE1	0.948347016
ZNF367	0.706971566
PELP1	0.805408665
USP6NL	0.260226045
KIAA0141	0.123085488
ATPAF2	0.899141018
BAIAP2L1	0.281072224
GPR35	1.025249084
ZNF77	0.011244854
MED25	1.561009921
FPGT	0.200855605
FZD1	-0.020166629
ACOT11	1.235175449
DUS1L	1.11992945
GSK3A	1.342704089
NUP205	0.548717858
NAP1L4	0.655299683
ZBTB26	0.100961789
EPN1	1.235175449
MPRIP	0.123085488
LBX2-AS1	0.451259743
GSPT1	1.311311427
FBXW2	0.331847406
ARHGEF7	0.339350517
ERMAP	0.267114917
ID2	0.686052008
CWC25	0.07965427
RRNAD1	0.485688574
MRPS10	1.235175449
KPNA2	0.090207163
CCT2	0.625284104
PPP1R35	1.012166756
EPRS	0.084905643
UFC1	0.46833282
HIST2H2BF	0.117477026
GCOM1	0.40978867
OSTM1	-0.090207163
PDE4D	1.11992945
KIZ	1.191039296
CCNJL	1.092312101
ATXN7L3B	0.805408665
HSD17B4	0.417946278
KRR1	0.260226045
HACL1	0.123085488
VRK2	1.848529634
RCCD1	0.274063521
NDUFA3	1.633613171
POLR2D	0.123085488
KCTD20	0.362242871
SLAIN2	0.999191949
SLC25A32	0.686052008
MCF2L	0.385718428
RBP4	0.689100555
ZBTB3	0.686052008
NGRN	1.998621852
TMBIM1	0.213646504
KPNA3	0.576849674
CCZ1	0.128746135
SNAP23	-0.069300835
PSMC1	1.578904276
BDKRB2	1.217519915
FAM222B	0.899141018
HELQ	-0.266878887
CCDC50	0.738991517
BBS5	1.11992945
GPBP1	0.140225184
U2AF2	0.948347016
C5orf34	0.548717858
WDR27	0.476975118
ZNF574	0.635208497
PPP2R3C	0.006712594
NSUN4	0.521264042
METTL14	-0.117477026
ZNF138	1.787538915
PDK1	0.605674627
SMUG1	0.253396545
EFNA1	0.401698455
BNIP3L	0.044275202
DNAJC22	0.999191949
ELOF1	2.260301561
PSMB10	0.53034089
FGFBP1	0.163822822
LIPH	0.385718428
FUT8	0.049183382
POLR1A	1.065152103
RALGAPB	0.039414949
CWF19L1	0.771797224
TIMELESS	0.288141395
SMAD3	0.029837145
ADGRG6	-0.887088443
FAM46B	-0.151916593
ERCC2	-0.253396545
GNB5	-0.123085488
NFATC2IP	0.324407457
NAV1	0.494473687
GGA2	0.267114917
NIFK-AS1	0.354547841
C2orf49	0.494473687
ZNF316	0.816795124
NUDC	0.665467739
SERGEF	0.615439684
LARS	0.064198212
PHLDB1	0.760773468
ERVV-1	0.090207163
AUP1	0.434465483
IQSEC2	1.205626048
FKBP1A	1.220337618
IQCG	-0.115786173
LOC728554	0.645213481
PCGF5	1.16223463
DNAJC24	0.146044191
LTA4H	0.346917194
LEMD3	0.034602353
MSL3	0.960902148
NUP85	0.239914227
ATF2	0.117477026
ABHD11-AS1	2.105259533
SLC25A24	0.317030274
NEK1	-0.288141395
TMEM59	0.134459267
TTC5	-0.324407457
DGKZ	1.220337618
PARP8	-0.039414949
ASTE1	1.038440013
NUFIP2	0.07965427
FAM133B	0.887088443
SEPP1	0.393675188
DEDD	0.749838479
ADCK2	0.239914227
CDA	0.295271406
CHD9	-0.07965427
SLC25A45	0.828274229
WDR81	-0.059144613
SNURF	-0.17986214
GPAA1	0.200855605
KIF7	-0.586332983
PSMD11	0.246626057
OXSR1	0.53034089
LRRC8A	0.034602353
ENDOG	0.911292238
PIGS	0.151916593
DDRGK1	0.645213481
FAM81A	1.998621852
ZNF204P	-0.302462635
CAPN1	0.675718296
PRSS8	1.025249084
ZNF850	-0.111920452
ANKRD40	-0.169857272
FASTKD1	1.807660006
FHL2	0.45976119
DENR	0.935894296
SNORD9	0.52907349
CHFR	-0.020447822
DCUN1D2	0.494473687
TMEM263	-0.253396545
PCK2	0.233260703
GATSL3	-0.111920452
RAB3GAP2	0.494473687
BPGM	0.044275202
TMEM144	-0.07965427
ITPA	0.354547841
BCAT2	-0.090207163
SULF2	0.911292238
GLS	0.253396545
CRYL1	0.986323602
WIF1	0.890623182
TMEM92	0.805408665
NFKBIZ	-0.069300835
INPP4B	1.248616353
MCM3AP	1.038440013
BDNF	-0.151916593
CHCHD5	1.835466
SYNE4	0.084905643
TRAPPC9	0.362242871
HOXB6	0.281072224
SORBS2	0.706971566
ZNF561	0.246626057
ISCA2	0.763372381
TRIOBP	0.728231854
ACE	0.146044191
PANK3	0.605674627
TMEM109	0.948347016
LAIR1	0.362242871
SP2	0.999191949
ATP8A1	1.078675532
MAEA	0.655299683
SLK	0.239914227
AQR	0.485688574
DLST	1.16223463
TMEM183B	1.890263587
MAP1LC3B	0.111920452
SAMD10	0.615439684
HAUS4	0.696469539
HOXC10	-0.167419911
SEC63	1.220337618
SPIN2B	1.065152103
PSMC3IP	-0.049183382
GINS4	0.188289768
TIMP3	0.874516515
TPM4	0.503330961
PPP1R10	0.354547841
RAF1	0.281072224
AGO3	-0.182090425
DUSP10	0.217022628
SDF4	0.960902148
KRCC1	1.11992945
MFSD3	0.426171731
PARP3	0.169857272
RARRES2	-0.07965427
EXOSC3	1.374653225
NHP2	1.670968287
YAF2	0.960902148
NUCB1	0.194544719
TTC28-AS1	0.539491983
MRPS21	0.295271406
MICA	0.146044191
PPP2R1B	0.442827998
ABHD14A	0.346917194
RNF213	0.239914227
SORBS1	1.235175449
FANCF	0.828274229
ARHGEF18	-0.117477026
PODXL	-0.635208497
SRSF7	0.605674627
IDUA	0
SAR1A	0.111920452
EIF5AL1	0.049183382
USP20	0.288141395
BTF3	0.675718296
KIAA1958	0.40978867
DYRK1A	0.025119057
IDS	-0.029837145
GORAB	1.205626048
PRPF4B	0.151916593
DNAAF5	1.423652259
LDB1	0.434465483
OTUD7B	0.92354302
GSTM4	1.038440013
TRIP4	-0.331847406
CCDC47	0.521264042
WDR12	2.113264639
MAPKBP1	-0.07965427
SIRT2	0.100961789
CDKL1	1.689919385
ANXA13	0.630663414
UBN2	0.46833282
NSUN5P1	0.175946367
FAM126B	0.029837145
SMAD7	0.346917194
ANAPC7	1.342704089
LOC100289561	1.440279714
OSGIN2	-0.1578427
KIAA1671	0.260226045
SECISBP2L	-0.324407457
SPAG16	-0.029423532
GALNT5	0.163822822
UBE2E1	0.194544719
CLPTM1L	0.385718428
CAPN2	-0.1578427
YTHDC1	0.512260907
TSFM	2.137015815
PSEN2	0.064198212
SPNS2	0.625284104
ZNF480	1.049810952
EIF4H	1.17657595
RFC2	1.689919385
HSPA14	0.253396545
ARF5	0.839846795
ARVCF	-0.053376588
EPN3	0.816795124
YY1AP1	0.567396147
ICAM3	2.185398976
GPAM	-0.393675188
CLN6	0.771797224
MTPN	0.059144613
GNE	0.434465483
ANPEP	1.439836624
DLX6	0.287771316
PTPN14	-0.140225184
SGCE	0.149884095
C18orf8	0.58638021
DCPS	0.706971566
CRYZL1	0.45976119
SAA1	1.028557628
CCDC88C	1.491074007
AIF1L	0.002226135
KDM3A	0.128746135
EEF1G	0.887088443
IFT172	0.233271715
C14orf80	0.185600844
KIF11	0.370002697
LOC101928697	0.455844712
RNF4	0.451259743
G2E3	0.309715463
ZNF182	0.56244527
SNTB2	0.805408665
ZDHHC14	1.16223463
AK2	0.887088443
ZNF503	0.194544719
ZNF419	-0.025119057
EHMT1	0.521264042
ZNF526	0.771797224
FAM135A	1.148013983
RNASEK	0.794114053
GLYCTK	1.457057749
FAAP20	-0.246626057
H2AFZ	-0.015823175
PPP1CB	0.302462635
SPAG1	0.625284104
TOR1AIP1	-0.095559116
CHMP4A	1.311311427
FOXA3	1.827988899
PACS1	0.064198212
PRKCSH	0.851513651
UBAP1	0.728231854
RNF219	0.426171731
PJA2	0.239914227
PHLDB2	0.182090425
AADAT	-0.025119057
RPRD1A	0.377827741
SSH1	0.151916593
ZGRF1	-0.12131307
NOL6	0.771797224
ABCC9	0.567396147
SNRNP35	1.473988461
HSP90AB1	0.576849674
SLC4A11	-0.233260703
PARP9	0.401698455
TMEM63B	0.782910497
ZSCAN16	1.235175449
PTPN21	0.10641547
AP5S1	0.090207163
EEF1A1	0.45976119
FIGNL1	0.539491983
BLM	1.194589234
USP53	0.111920452
RPL32	2.533620609
CCT5	0.816795124
MAD2L1	-0.020447822
CCAR1	1.038440013
ID3	-0.10641547
NKTR	0.887088443
PHOSPHO2	1.543282177
CYB561D2	0.717558772
C5orf38	-0.362341745
HIST2H4B	0.239914227
PRDM8	-0.437851197
TIMM10B	1.106063001
ZNF211	0.266878887
TCFL5	0.635208497
ARHGEF26-AS1	0.605674627
VTI1A	1.025249084
DNAJB4	-0.66902081
IMPAD1	0.069300835
DHRS9	0.446371786
QPCT	0.752210079
RPL15	0.839846795
RNF19A	0.020447822
VAMP5	0.401698455
DBR1	0.567396147
PSMD4	0.839846795
SDAD1	0.426171731
NDUFV3	2.089796882
WBP1L	0.095559116
HDGFRP2	0.494473687
PIK3R2	1.525718547
ZNF747	-0.354547841
TCEB3	-0.346917194
GSDMA	0.40978867
DGUOK	0.828274229
RMDN3	0.095559116
CROT	0.476975118
QKI	0.14121069
LRRC57	0.288141395
PKN2	-0.146044191
C21orf59	1.543282177
TAF12	0.53034089
SAR1B	0.655299683
ERICH2	0.426171731
EAPP	1.235175449
PITHD1	1.358608208
DKK1	-0.226665137
ASH2L	0.370002697
MRGPRX3	0.960902148
AFAP1	0.576849674
TMEM253	1.886812327
ATG4C	0.169857272
GRAMD3	0.948347016
ANTXR2	-0.100961789
HOXC6	-0.521264042
HOXA10-AS	0.838394204
FUT11	-0.011244854
DNAJC11	1.106063001
GLYR1	0.999191949
HNF4G	0.625284104
POMP	0.696469539
GALNT3	0.521264042
ZNF277	0.288141395
CBWD2	1.423652259
DPH2	0.494473687
SH2B3	-0.309715463
TBC1D10B	0.53034089
ZFP36L1	0.377827741
RPL29	1.423652259
IDH3A	2.021024207
COQ9	1.342704089
CIDECP	0.935894296
G3BP2	0.385718428
CHAC1	-0.839846795
FAM189B	0.084905643
MAP1LC3C	0.226665137
ANKRD1	0.327597924
CACTIN	0.281072224
ERO1L	-0.039414949
GADD45A	0.393675188
ZNF317	0.288141395
LIN54	0.324407457
DDX39A	0.295271406
FUT10	-0.53034089
PCTP	0.426171731
CTTN	0.548717858
MT1A	1.362870398
NRSN2-AS1	1.326939076
MAP3K10	0.078517848
C1orf233	0.512260907
PDDC1	0.331847406
GAGE7	0.414116862
ARSD	0.385718428
FBXW7	0.069300835
DCP1A	0.188289768
BMPR2	0.064198212
HERPUD1	0.267114917
MYLIP	1.025249084
ELF1	0.887088443
ACACA	0.100961789
HS6ST2	0.236822682
C12orf4	-0.111920452
RPAIN	1.11992945
FAM101A	2.017388214
NUTM2B-AS1	2.311897877
EXOC4	0.354547841
CEP57L1	1.358608208
ITM2C	1.265235835
KBTBD12	0.558019062
OSBPL1A	0.044275202
POC1B	0.771797224
PSMD5	0.169857272
AHCYL1	0.851513651
C22orf23	-0.346917194
POLR1C	0.625284104
CSNK2A2	0.213646504
ACTL10	0.645213481
MUT	0.029837145
GK	0.476975118
KLHDC9	0.911292238
POLDIP3	0.059144613
SYF2	1.280461447
GXYLT1	0.309715463
ASH1L	0.417946278
MDN1	0.828274229
KCMF1	0.717558772
SLC2A3	0.029837145
FBXO17	0.342485637
PHLDA3	0.246535212
TACSTD2	0.281072224
DKC1	0.899141018
CASP1	0.900929387
SLC1A4	0.686052008
SNHG21	1.17657595
ERAL1	0.233260703
FGFRL1	0.476975118
FAM13A	0.960902148
NCS1	0.002226135
ATP5L	2.04368332
CYP4V2	0.226665137
PGLS	0.476975118
WIZ	0.805408665
ADNP	0.020447822
CDT1	0.385718428
ARL8A	1.205626048
MBD1	0.239914227
SMG7	0.655299683
PDE4A	1.342704089
COX19	1.16223463
BUD31	1.911465726
AKAP7	-0.33872482
RPS6	0.960902148
TUBA1B	0.999191949
RALY-AS1	0.936934818
WNK2	1.250141017
FAM95C	-0.309715463
HIST2H2AC	0.576849674
FLNC	0.317030274
RRP1B	0.002226135
LRRC45	1.191039296
CSNK1G3	-0.002226135
ARL6IP5	0.45976119
SF3A1	0.567396147
NF1	-0.605674627
FKBP11	0.260226045
WDR13	0.346917194
ALKBH8	-0.069300835
MRPL40	0.163822822
MTFMT	1.311311427
OTUD4	-0.302462635
FBXW8	0.512260907
MOCOS	0.417946278
NRBP1	0.635208497
GAPVD1	-0.044275202
NFKBIA	0.220127185
NAGLU	-0.151916593
CDCA3	1.374653225
PDIA3P1	0.331847406
C7orf73	1.133912688
JDP2	0.226665137
PRODH	1.078675532
SLX4	0.10641547
PTK2	0.034602353
CITED2	-0.044275202
SETDB1	1.092312101
TLE3	2.021024207
AVEN	1.390840975
ACBD6	0.675718296
VAMP4	0.015823175
HFE	-0.401698455
CREB1	0.512260907
TMEM52B	-0.12204955
PPM1H	2.04368332
UBA5	0.331847406
CHTF18	0.948347016
NDUFA2	1.390840975
BLOC1S1-RDH5	1.508316608
KIF3C	-0.111920452
TMEM106C	1.561009921
LINC01006	0.619717942
DGCR6L	-0.10641547
SYT8	0.46833282
CCNJ	0.45976119
MICALL1	-0.025119057
SLC9A3	0.645213481
GNB4	0.194544719
TRIM4	0.655299683
RPL31	0.851513651
LINC00659	0.332395726
SLC39A5	1.390092117
PIM2	1.038440013
C20orf27	0.887088443
IQGAP2	0.645213481
EIF2AK1	1.092312101
CCDC109B	-0.442827998
TRPM4	1.423652259
CENPA	0.521264042
MXRA7	-0.07965427
ATP5F1	2.137015815
ZC3H8	2.338225956
NABP2	1.827988899
MAP2K6	1.998621852
B4GALT4	0.558019062
GYLTL1B	0.839846795
EVA1A	0.198843912
GMEB1	0.576849674
NINJ2	0.008850947
NSUN5	0.828274229
MBLAC2	0.302462635
POLA1	1.326939076
AVL9	1.205626048
ABCC1	-0.054139761
RAB26	-0.558019062
SATB2	0.948347016
HUNK	0.58638021
MTMR6	0.220127185
LACC1	0.200855605
AAMDC	0.200855605
CPSF3	0.875133612
AURKA	0.548717858
ADPRM	0.1578427
C1orf21	0.426171731
MAP2K2	0.635208497
COQ7	1.012166756
DUSP27	0.83246771
VAMP8	1.342704089
COPRS	0.151916593
MCMBP	0.401698455
C12orf75	1.890263587
TBL3	0.567396147
ZNF680	0.451259743
STX1A	0.151916593
FEZ2	-0.362242871
RGS11	-0.317030274
SMARCA1	-0.041253896
NSA2	1.767621741
OS9	1.390840975
MVD	0.935894296
HCCS	2.533620609
SREBF2	0.288141395
ZNF770	0.1578427
NIPBL	1.038440013
SCRN2	0.06328837
CTDP1	0.503330961
PCBD1	2.066605381
SRXN1	0.015823175
ZFP64	1.065152103
P4HB	0.260226045
RELT	0.044275202
NME2	1.561009921
KIAA0226	-0.175946367
MCOLN3	0.288141395
C14orf169	0.354547841
CDC40	0.696469539
ABHD17C	1.827988899
SUPT6H	0.095559116
TBC1D22B	0.220127185
SLC44A3	1.807660006
SIGMAR1	1.561009921
GCAT	0.128746135
GJB2	0.385718428
LDLRAP1	1.205626048
CADPS2	0.07965427
VPS4A	1.078675532
ZNF219	0.151916593
PYROXD1	0.749838479
RAB3GAP1	0.128746135
ZFAT	0.239914227
ADH1C	0.386949828
PNPT1	1.561009921
KHK	1.596967817
KCTD21	0.485688574
PTPRH	0.163822822
RIN2	0.875133612
PALLD	0.074452762
ALDOA	0.485688574
PAICS	0.226665137
MSL1	1.16223463
RPUSD1	0.655299683
AFAP1L2	0.782910497
PTTG1IP	0.782910497
INO80D	0.426171731
SREK1	0.090207163
GBA2	0.324407457
RPS23	0.875133612
GPRC5B	0.115786173
LOC286437	0.494473687
TBCA	0.851513651
FAM104A	0.434465483
LOC257396	0.749838479
GTF3A	0.354547841
FAM168A	-0.07965427
EEF1D	0.362242871
DHX32	0.655299683
TMBIM6	0.665467739
ARHGAP5	0.226665137
C11orf95	0.625284104
RAD1	0.749838479
OXR1	0.760773468
AHCYL2	1.133912688
REG1A	-0.533888339
RAC1	1.078675532
ZC3H18	0.973560676
ATP6V1H	0.095559116
RDH10	0.576849674
WSB1	-0.006712594
LLPH-AS1	0.539491983
SGMS2	-0.059144613
FOXN2	0.281072224
LOC730101	0.182090425
FAM72C	-0.12447176
HEATR5A	0.805408665
ETFB	0.625284104
PAXIP1-AS1	0.385718428
DHX16	-0.100961789
RRN3P1	0.233260703
FAM175B	0.494473687
UBA6	0.111920452
FOXA2	2.021024207
BRI3BP	1.11992945
TUBB3	-0.111920452
ZNF117	0.512260907
TRMT112	0.986323602
XPO6	0.295271406
LRRC28	1.022450613
CIAPIN1	0.760773468
RIN1	0.226665137
ZBTB7C	0.605674627
IPO7	0.281072224
CRBN	0.794114053
KBTBD4	0.100961789
TMEM185B	-0.020447822
ACVR1B	1.787538915
NDUFA7	1.869286406
C4orf33	0.213646504
CREBBP	0.267114917
LIMD1	0.794114053
MUC13	1.807660006
LOC100505915	0.059144613
GGT1	0.169857272
GMIP	0.503330961
NFKBIL1	0.558019062
TBC1D9B	0.434465483
MTSS1L	0.377827741
EML3	0.309715463
HOXA10	1.106063001
RAB13	0.442827998
PLEKHG5	0.451259743
TMEM245	0.054139761
C1orf174	0.655299683
MBD4	0.393675188
GPC1	-0.782910497
ATR	0.735650533
TST	0.686052008
SSR3	-0.288141395
SLC39A13	-0.476975118
C11orf54	0.281072224
ASTN2	0.494473687
CNKSR1	0.886775446
LRRC56	-0.146044191
TFDP1	0.567396147
ENOX2	0.839846795
MRPL28	-0.200855605
SPTY2D1	-0.059144613
HKR1	0.175946367
SH3BP4	0.346917194
ADRA2C	-0.217022628
MRPL30	1.390840975
KAT2A	0.034602353
PHF21A	0.188289768
SGSH	-0.059144613
ARHGEF9	0.417946278
CDK2AP1	1.11992945
SETMAR	0.521264042
EXOC6	0.675718296
USP46	-0.760773468
AIFM2	1.827988899
SCFD2	0.274063521
METTL3	1.078675532
ANXA4	1.078675532
HIATL1	-0.002226135
RNF139	-0.246626057
LINC00909	0.309715463
COX5B	2.161057947
SIN3B	0.095559116
NPIPB5	0.253396545
MYOF	0.104886189
TIGD5	0.015823175
FAM210A	0.442827998
GOLGA5	0.281072224
RTN2	0.011244854
THAP10	1.674955795
TMEM173	0.665467739
TRAPPC2L	0.605674627
VSIG1	0.324407457
DDHD2	-0.451259743
EIF1B	2.419474562
EPN2	0.084905643
ATF1	0.426171731
ABHD2	0.948347016
HIC2	0.054139761
CDK2	0.451259743
USP8	0.200855605
EXOC5	0.011244854
MRPS9	0.567396147
C19orf33	0.175946367
AMN1	0.302462635
C17orf96	0.771797224
STK24	0.635208497
ASB8	0.696469539
MORC2	0.134459267
FAM109B	0.757778886
HTATSF1	0.960902148
ZNF267	0.686052008
SLC48A1	1.235175449
MTF2	0.111920452
LDLR	-0.002226135
ECT2	0.615439684
TIMM17A	1.280461447
ASPSCR1	0.665467739
VPS37C	0.48940008
SEC23A	0.169857272
C17orf59	0.503330961
CLTA	1.890263587
AARS	0.246626057
LONP2	0.169857272
DYNLT3	0.011244854
PHKA2	0.567396147
MALAT1	0.354547841
APPL1	0.117477026
COASY	0.485688574
PARM1	1.848529634
SLC44A4	0.53034089
RBBP8NL	1.747904744
CAMTA1	1.179484923
POLL	0.111920452
PXYLP1	0.401698455
TARSL2	0.302462635
PCIF1	0.521264042
MDM2	0.020447822
DYNLRB1	0.935894296
BTN2A2	-0.451259743
FAM134A	0.40978867
SKI	0.084905643
AKR1A1	0.655299683
ACTL8	-0.029423532
MNS1	-0.233260703
SPRED1	0.760773468
GTDC1	0.134459267
PEX13	0.417946278
CSRP2	-0.029837145
GJA1	0.699427101
MTHFD2	-0.645213481
EDAR	0.58638021
LIMS1	0.512260907
NEO1	1.342704089
UBXN4	0.58638021
RASEF	0.201134448
KLF4	0.140225184
NTMT1	0.146044191
SAP18	0.665467739
C1orf27	0.948347016
OVCA2	1.078675532
ERGIC2	0.442827998
C20orf24	0.760773468
KRT5	0.782910497
OPLAH	0.117477026
SMAP1	1.235175449
DHX8	0.246626057
BBIP1	0.576849674
TOM1L2	0.539491983
RHOQ	-0.417946278
FAM65A	-0.044275202
HIST1H1C	-0.309715463
TFIP11	0.288141395
PGM1	0.10641547
NUDT16P1	0.785995826
VPS11	0.58638021
C11orf30	0.417946278
MTA1	0.084905643
RPS21	1.728384316
NOXA1	1.220337618
NAIF1	0.706971566
EMC3	0.851513651
GPER1	-0.220127185
LYPD3	0.388921677
STAMBP	0.576849674
SLC35G1	-0.267114917
MOSPD3	0.426171731
C16orf91	0.973560676
HINT3	0.696469539
ZFHX3	0.182090425
BTBD3	0.805408665
MBIP	0.493818266
GPSM1	-0.220127185
AZIN1	0.331847406
MTCH1	0.816795124
CENPF	0.686052008
ATG16L1	1.473988461
NPAS2	1.625400072
RPL21	0.408998965
SLMO2	0.935894296
GMEB2	0.401698455
NSDHL	0.354547841
XRCC6	0.064198212
PSAT1	-0.128746135
ZNF436	0.069300835
GPX8	-0.645213481
SMARCAL1	0.194544719
NKD1	0.40978867
C12orf49	0.207222756
ZDHHC18	-0.095559116
KDM5C	0.485688574
GPATCH1	0.794114053
TXNRD2	0.034602353
RMND1	1.890263587
OGT	0.625284104
ECE1	-0.069300835
HLA-H	0.200855605
PPP4R1	-0.233260703
MTHFR	0.331847406
C4orf32	0.401698455
TMED4	0.226665137
C18orf21	0.935894296
ZNF646	0.295271406
IFITM2	-0.064198212
CBR1	-0.034602353
ATG16L2	0.233260703
BFAR	-0.069300835
ALG2	0.309715463
ANKRD37	0.417946278
PFDN5	2.338225956
JMJD4	0.034602353
PLXNA1	0.07965427
ENO3	0.875133612
C14orf1	0.309715463
ZMPSTE24	-0.117477026
DLL1	0.10641547
KCTD17	0.175946367
KCTD13	1.16223463
ARRDC4	0.485688574
ESRP1	1.525718547
CDH1	0.417946278
SYNE2	0.899141018
C5orf30	1.191039296
GBAS	1.106063001
TPGS2	0.393675188
NATD1	-0.090207163
SLC9A3R2	0.354547841
PFDN2	0.45976119
LGR4	0.362242871
BEND7	0.069300835
ARHGAP35	0.1578427
MZF1	0.011244854
SMAD2	0.401698455
TEX264	1.543282177
LRRC41	0.111920452
MCTS2P	0.451259743
RPS15A	0.935894296
ARHGEF34P	0.111920452
NDUFA13	1.235175449
CHMP7	-0.169857272
SNORD15B	-0.109176405
C5orf28	0.749838479
OSBPL11	0.146044191
USP38	-0.302462635
FAM105A	2.260301561
SYK	1.491074007
TXNDC17	1.747904744
AP1S1	0.377083592
DNAJB2	0.175946367
TPM1	1.250141017
PTPRB	1.191039296
ZNF692	0.253396545
PHYKPL	0.267114917
RAB40C	1.092312101
MSI1	0.435776107
TMEM18	0.188289768
SMEK1	0.717558772
TAF4B	0.686052008
COTL1	0.020447822
SERTAD3	0.239914227
SETD1A	1.065152103
HES6	0.370002697
SH3BP2	0.548717858
MLLT3	1.728384316
POGK	0.675718296
ZNF600	0.346917194
UTP11L	0.426171731
FNTA	0.839846795
FAM193A	0.020447822
DNASE2	-0.151916593
MAVS	0.625284104
GRIN2D	0.220127185
PLCXD1	0.117477026
LMNB1	0.53034089
RNF220	1.025249084
SUSD6	0.675718296
TTC7B	0
PARP1	0.331847406
INPP5A	1.543282177
WDHD1	0.095559116
WDR35	-0.152644963
MCM3AP-AS1	0.117477026
THOC3	0.615439684
CNPPD1	0.960902148
ATP9A	0.260226045
FAM3A	0.494473687
DHRS4L2	1.728384316
MRPL33	1.525718547
SYNJ2	1.265235835
EYA3	0.117477026
FGFR2	-0.07965427
SUPV3L1	0.302462635
FSTL1	0.296865007
YWHAG	0.317030274
RPL24	1.16223463
MUS81	0.728231854
ZFR	0.123085488
XIAP	0.377827741
CDC23	0.182090425
ZMYM1	-0.113042015
DOT1L	0.973560676
EXOSC9	-1.191039296
RBPMS	0.151916593
SPON1	0.373171862
VWA8	0.816795124
SRI	1.191039296
HIATL2	0.295271406
HDAC3	0.749838479
XPO4	0.46833282
HSCB	-0.074452762
CCDC101	1.423652259
TFRC	0.274063521
RTN4R	-0.40978867
ZNF224	0.034602353
ARL6IP1	0.288141395
DEF8	-0.295271406
MSH5	1.827988899
ATP6V0A1	0.426171731
SRSF5	0.851513651
PPM1D	1.578904276
C8orf76	0.246626057
SLC41A3	0.044275202
TMEM176A	2.633029691
RPL41	1.709056982
IPO4	0.044275202
AUH	0.521264042
RPS3A	0.339350517
PXN-AS1	1.326939076
BLOC1S6	0.417946278
VCPKMT	-0.226665137
RUFY2	-0.281072224
SLC43A3	0.442045079
ADAM17	-0.246626057
C9orf116	-0.128746135
C16orf70	0.246626057
IMPA1	0.58638021
SNRPE	0.805408665
TRIP13	0.442827998
DIAPH2	0.485688574
RSBN1	0.58638021
CBX2	0.863275638
RPS4X	1.374653225
LDOC1L	-0.143941391
LAT	0.054139761
TADA3	0.53034089
SCG2	0.635697271
PRKAB2	-0.074452762
DYM	0.605674627
MYBL1	-0.146044191
BAIAP2-AS1	0.006712594
TBC1D16	1.473988461
WRNIP1	0.417946278
CAPRIN1	0.605674627
TKTL1	-0.027167329
SLC7A7	0.151916593
INTS4	0.567396147
NDUFAF1	0.020447822
SNF8	0.288141395
AP1M2	0.494473687
OPA3	1.11992945
SNORA70	-0.591173196
RPL32P3	0.960902148
LINC01559	0.686052008
OIP5	0.525288409
CDH3	0.887088443
RAI14	-0.281072224
CEP135	-0.605674627
SYTL3	0.581513788
BIRC3	0.020447822
NAT9	-0.1578427
ZNF613	-0.738991517
ATG9A	0.401698455
SERPINA4	0.438950085
SMIM17	0.558019062
CD2BP2	0.226665137
SNHG12	0.1578427
RPS11	2.04368332
CYB561A3	0.717558772
ALPP	0.194544719
LMBRD2	0.370002697
KIAA0586	0.816795124
CD68	0.044275202
CLP1	0.686052008
LPXN	0.595988334
CREB3L2	0.354547841
TCF7L2	0.401698455
THG1L	1.457057749
AKR1E2	0.539491983
PPARA	0.960902148
CORO2A	0.539491983
FGFR1OP2	0.548717858
ITPR2	0.539491983
ARL15	0.717558772
FAF2	0.274063521
SPOPL	0.140225184
C17orf80	-0.686052008
QSOX2	-0.090207163
GTF3C3	0.362242871
RPS12	3.725113149
WDR53	0.851513651
EMC8	0.417946278
HHLA3	0.182090425
MRPL36	1.596967817
ARNTL2	0.393675188
SLC22A23	1.191039296
ZNF142	1.17657595
RIT1	0.163822822
ABI2	-0.260226045
RTFDC1	1.012166756
BAX	0.615439684
ETFA	0.728231854
CDK3	0.029837145
GCLC	0.117477026
NAE1	1.235175449
CROCC	0.090207163
USP45	0.111920452
WDR91	-0.370002697
TRMT11	-0.281072224
HES4	0.025119057
CORO1B	0.548717858
RASSF6	1.092312101
PLAT	-0.393675188
MXRA8	0.233271715
PCM1	-0.011244854
ARFGAP2	0.645213481
PITPNA	3.310977974
C12orf43	0.169857272
PREP	1.807660006
MOB3C	0.132522385
WDR75	0.986323602
USP47	0.213646504
PRKRIP1	0.084905643
ANG	0.960902148
CEP85	0.015823175
COX7C	0.986323602
SMIM7	0.851513651
ATG3	1.457057749
NTPCR	0.182090425
ACOT4	-0.088915695
ZCCHC8	0.233260703
METTL10	0.288141395
STRAP	1.326939076
OARD1	0.935894296
DHRS4	1.358608208
HYKK	1.373060392
PPP1R8	0.339350517
SBNO2	0.169857272
ZBED5	0.512260907
TC2N	1.205626048
FAM160A2	1.362384567
GAS2L1	-0.377827741
EMP3	-0.512260907
RPL23AP82	0.960902148
UPF3A	0.401698455
SNRPA	1.106063001
NOTCH3	0.10641547
NUDT4	1.374653225
DNAJC9	0.887088443
MIS18A	1.106063001
ZFYVE21	1.025249084
FSCN1	-0.655299683
SCAMP2	1.133912688
PRMT7	0.805408665
ST6GAL1	1.807660006
NFATC3	0.717558772
SLCO4A1	0.782910497
TRAF3IP1	1.106063001
SNORA22	-0.486800221
PSMC2	0.625284104
GAR1	0.686052008
ARHGAP27	0.999191949
PRKAG1	2.260301561
MED1	0.213646504
LOXL2	0.006712594
PRKD3	0.665467739
PLLP	0.863275638
MPZL2	0.973560676
SCAPER	0.104886189
PTCSC3	0.567396147
IP6K1	0.605674627
RPUSD4	0.175946367
NUDT21	0.324407457
CAV1	-0.128746135
AP3D1	0.485688574
PCOLCE	-0.302462635
PSMD6	1.848529634
MED16	0.140225184
FAM84A	1.725883622
PIBF1	0.417946278
ZNF37A	0.064198212
METTL13	0.738991517
MDK	0.07965427
TTC19	0.295271406
PROX1	0.503330961
SNAPC1	-0.302462635
PPP5C	0.826567655
HLA-B	1.065152103
CRTC3	0.741146028
ICMT	1.491074007
C8orf44	0.169857272
PTS	0.780302285
SMC1A	0.728231854
SERINC3	0.188289768
PARP11	-0.07965427
EIF4A1	0.006712594
GREM1	0.734676738
MDM1	0.226665137
MRPS17	1.670968287
HIST1H2BC	0.226665137
SGSM3	-0.220127185
RPL7L1	-0.034602353
CRELD2	-0.025119057
MCEE	3.21619859
GABPB1-AS1	0.239914227
SRCAP	0.686052008
S100A3	0.615692971
NVL	0.393675188
KLHDC2	0.188289768
TMEM8A	0.393675188
HS3ST1	0.188289768
TMEM159	0.615439684
FFAR4	0.625284104
GALNT4	0.696469539
CTAGE5	0.302462635
RPP14	1.709056982
USP37	1.407173341
MYNN	0.324407457
ESPL1	0.324407457
TOX4	0.686052008
PPP1CA	0.863275638
NPNT	1.670968287
SEC61B	0.567396147
MVK	0.615439684
BTG1	1.280461447
S100A16	0.365399437
DDX47	0.111920452
EVA1B	-0.774633951
GPATCH2	0.044275202
STARD7	1.326939076
FBXO9	0.346917194
DDX12P	0.182090425
KIAA1211L	0.794114053
YBEY	1.065152103
CDH24	0.050928439
ZNF717	0.370002697
C16orf58	0.749838479
NRIP1	0.625284104
MYO18A	0.655299683
CXXC1	0.417946278
PRAF2	-0.002226135
ZBTB43	0.1578427
LIG4	-0.020447822
DNAJA1	1.148013983
ARPC1A	0.548717858
KIFAP3	0.163822822
ALG6	-0.476975118
FLYWCH1	0.006712594
IFI44	-0.226728358
PER1	0.025119057
TECPR2	0.863275638
ARHGEF16	0.521264042
ITM2B	0.151916593
GSTM2	1.051740645
KIFC3	-0.393675188
MRRF	1.457057749
RPL28	1.709056982
MCM8	1.17657595
LINC01106	0.675718296
RAD54L	0.1578427
SNRPD3	2.161057947
DOCK1	-0.134459267
ERGIC3	0.346917194
SRC	0.442827998
SLC37A3	0.331847406
LRRC40	-0.828274229
CCDC24	1.187018958
PMAIP1	-0.134459267
PIR	0.973560676
GSTT2B	-0.331252447
IKBKG	0.377827741
PKN3	-0.393675188
PTGES2-AS1	0.346917194
AMBRA1	0.45976119
SLC31A1	0.851513651
CDK9	0.675718296
CHMP2A	1.326939076
SSSCA1	0.863275638
PRPF18	0.128746135
QRICH1	0.887088443
UBR3	0.615439684
PRICKLE3	1.596967817
DOK4	0.576849674
ZNF446	0.323845333
PRPS2	1.670968287
KCTD12	-0.40978867
CEP63	0.828274229
CENPW	1.848529634
BRE	0.782910497
MAOB	0.143941391
GRTP1	0.385718428
IL11RA	0.429517908
SOCS3	-0.006712594
LBH	0.143941391
EIF3H	0.434465483
HLA-F	0.595988334
MAPK8IP3	0.794114053
GEN1	1.250141017
ZSCAN29	-0.274063521
SDHAP1	1.407173341
POLR1B	0.485688574
MFI2-AS1	-0.024772207
RB1	0.645213481
GUSBP4	-0.128746135
DPP10-AS1	-0.107635051
ZCCHC4	1.065152103
BCL9L	0.1578427
USP40	0.169857272
MAFF	-0.434465483
ANXA2	0.260226045
GIGYF1	0.434465483
CFL1	1.827988899
PKP3	1.473988461
ETS1	-0.494473687
NAPG	0.401698455
TM4SF5	1.234936493
ST13	0.675718296
SMOX	0.163822822
LSG1	0.782910497
CXCL2	0.794114053
COX10	1.787538915
CGREF1	-0.07965427
UBXN6	0.451259743
UBE3D	1.705344129
EDEM1	-0.295271406
CAST	0.706971566
RPL39	1.148013983
RMDN1	0.558019062
AMN	1.092312101
DBNDD2	0.059144613
NDUFC2-KCTD14	1.11992945
TUBB2B	0.034602353
CTSH	0.771797224
DDX27	0.960902148
ZNF793	0.451259743
PIH1D1	0.576849674
STK17A	-0.020447822
LOC100506302	1.250141017
NUTM2A-AS1	1.148013983
MX1	-0.782910497
PIGP	0.887088443
SIMC1	0.635208497
TLK2	0.015823175
WRAP53	-0.03648693
LIMA1	0.728231854
CEP41	-0.442827998
JHDM1D-AS1	1.280461447
FGF19	-0.024772207
FGD6	0.207222756
TCEAL3	-0.317030274
RAD54B	0.069300835
ZFAND2A	0.246626057
C2orf82	0.83246771
NOP2	0.53034089
ZNF281	-0.117477026
MYCN	1.608741338
NSUN2	0.346917194
DIP2A	0.717558772
SLC25A11	1.235175449
RGL2	0.074452762
COG1	0.451259743
ZNF765	0.281072224
CYP20A1	0.615439684
CBWD1	1.065152103
NUSAP1	0.548717858
RPUSD2	0.973560676
PIGB	-0.302462635
PRR14	0.665467739
RSPH3	0.655299683
A4GALT	-0.838394204
KALRN	0.988954518
MGAT1	0.771797224
NOSTRIN	1.932897564
GALNT7	-0.146044191
ZFYVE1	-0.123085488
GRB7	1.342704089
UBE2E3	0.645213481
LTK	-0.025119057
ST14	0.512260907
TP73	-0.169857272
SIRT7	0.331847406
PSMB6	0.805408665
C1QTNF9B-AS1	1.561009921
CNOT6	0.393675188
PDZK1IP1	0.498255671
GATB	0.090207163
FNDC3A	0.069300835
RANBP10	1.11992945
ZNF703	1.787538915
TEX40	0.373608959
RALGAPA1	1.148013983
METTL2A	0.635208497
SPTLC1	0.1578427
CLUHP3	0.880632169
RBBP7	0.828274229
TPBG	-0.875133612
WDR25	1.194589234
CASP2	2.475664498
TMPO	0.485688574
ZIC5	0.029837145
MAPRE3	1.191039296
DOCK6	0.986323602
MORN2	0.494473687
NR2F6	0.239914227
CFAP20	0.973560676
PER2	1.848529634
CRNDE	0.006712594
SPATS2L	0.169857272
PRPF8	-0.039414949
ITCH	-0.10641547
NDST2	0.084905643
MCM9	0.339350517
BHLHE40	0.401698455
METTL7B	2.392001259
GK5	1.295819437
C5orf51	0.295271406
RAD52	0.451259743
PIP5KL1	-0.417651953
HNF4A	1.787538915
CDC42SE2	1.025249084
CDCA5	0.476975118
SMARCA4	0.771797224
RBM18	0.40978867
HIPK1	0.986323602
ACTN4	1.16223463
ERLIN1	0.717558772
DIS3L	0.302462635
PLCB4	0.163822822
ZADH2	0.295271406
UBXN11	0.40978867
MASTL	-0.069300835
LSM14A	0.645213481
TREX1	0.875133612
CMSS1	1.728384316
GLI4	0.512260907
MYCBP	0.999191949
DGUOK-AS1	1.578904276
RPL18A	1.012166756
ATP6V0C	0.816795124
ARMC9	-0.370002697
GLIS2	0.015823175
MPND	0.809024718
SUGP1	1.615203202
IMPDH1	0.851513651
AASS	-0.782910497
CEACAM1	1.220337618
PRRG2	0.346917194
SPINK4	0.564920382
NAA20	0.417946278
CNTRL	0.782910497
TLK1	0.100961789
DDX51	0.006712594
TJP2	0.899141018
PHF8	0.696469539
SNHG1	0.069300835
GCHFR	0.417946278
CCDC43	0.100961789
EXOSC4	0.46833282
C2CD3	1.051740645
GNL1	-0.002226135
USP27X	0.194544719
KLHL11	-0.260226045
WDR5B	0.539491983
GAB1	0.401698455
MINOS1	1.848529634
SETD4	0.128746135
RGS12	0.863275638
ADGRF4	0.930564905
PPP1R12B	0.595988334
NME7	0.039414949
CSK	1.235175449
SLC29A1	1.092312101
TMEM219	0.675718296
FAM120A	0.675718296
SPICE1	0.260226045
ERP29	1.390840975
MIR17HG	-0.049183382
EEPD1	2.021024207
DNAJC5	0.213646504
DNAJC12	0.370002697
THUMPD3-AS1	-0.002226135
IL17RB	2.593490744
MAGT1	0.163822822
RERE	1.633613171
ELOVL5	1.11992945
CYLD	-0.100961789
CD70	0.535931654
CCDC124	1.250141017
NIP7	0.45976119
PADI2	0.886775446
MEX3C	0.324407457
DAPP1	0.899141018
GALNT11	-0.207222756
CGN	0.58638021
KIF24	1.422318237
TAF9B	-0.084905643
SDF2L1	0.749838479
NIPSNAP1	0.044275202
AKR1C1	0.576849674
S100A6	1.508316608
RPS18P9	-0.069300835
OXLD1	0.140225184
PALB2	0.494473687
NFX1	1.473988461
RBMS2	0.10641547
AKT3	-0.426171731
MTUS1	0.665467739
C16orf13	1.092312101
AGPAT3	0.58638021
SPPL3	0.485688574
SLC30A5	0.281072224
PMS2P9	1.767621741
NUDCD3	0.665467739
IDNK	0.274063521
TMEM223	0.887088443
MUC1	0.19799956
SLC39A10	0.539491983
AP1S2	0.385718428
DDX31	0.064198212
STYXL1	0.887088443
GAD1	0.200855605
THRA	1.148013983
TRMT44	0.163822822
NASP	0.274063521
APOL2	0.10641547
ZNF580	0.059144613
F3	0.370002697
SLC9A3R1	0.749838479
XRN2	0.548717858
MRPL19	1.578904276
CASK	1.342704089
POC5	0.417946278
RDH14	0.354547841
KLF6	0.442827998
GLB1L2	0.92354302
TMEM234	0.342485637
SHROOM1	0.911292238
SIGLEC15	0.975464491
SPC24	0.558019062
GPT2	0.485688574
ZMYND11	0.362242871
ACP1	1.457057749
MMACHC	1.012166756
COMMD3	0.442827998
OCIAD2	0.887088443
ZNF695	0.728231854
OCRL	0.354547841
ASMTL-AS1	0.324407457
LGALS1	-0.605674627
CTSF	0.327597924
FBXO34	1.652200557
SHMT1	0.260226045
FAM50B	0.10769896
CHP1	0.521264042
RAP1GDS1	0.175946367
KIAA1211	0.163822822
STXBP5	1.728384316
BAG3	0.851513651
LINC01481	0.175946367
RAB15	0.655299683
DUSP7	0.1578427
MERTK	0.054139761
SSH3	0.615439684
TBC1D22A	0.576849674
ERCC6L2	0.1578427
RNFT2	0.123085488
TRPM2	0.655299683
ALPK1	0.426171731
TICRR	0.794114053
SLC25A6	1.220337618
ST6GALNAC6	-0.539491983
AKAP8L	1.235175449
H2AFX	0.53034089
BTN3A3	-0.044275202
TRAM1	-0.117477026
PEX19	0.476975118
SSNA1	1.342704089
PIK3R3	0.07965427
NPM1	0.986323602
FH	0.828274229
C8orf59	2.021024207
MRPL21	1.543282177
ZXDC	0.686052008
COX15	1.220337618
MICU1	0.503330961
SLC25A33	-0.094189038
VPS25	1.051740645
VTA1	0.960902148
XRCC6BP1	2.311897877
DNA2	0.370002697
ARHGAP33	0.529862719
SH3BP5L	0.182090425
PPTC7	0.239914227
JAK1	0.615439684
GUSBP11	0.069300835
FAM84B	0.10641547
PCNA	1.11992945
OR7E14P	0.175946367
AMT	0.207222756
ADA	-0.295271406
NFYB	1.998621852
NUDT3	0.385718428
SMAD5	0.331847406
EPSTI1	1.205626048
GPX1	0.717558772
GABBR1	-0.084905643
NEIL2	0.393675188
CBWD6	0.274063521
CCDC94	1.848529634
TXLNG	0.645213481
LIN7C	0.049183382
TGOLN2	-0.049183382
MYO1D	1.596967817
CNDP2	0.339350517
CENPO	0.233260703
CHI3L1	0.419572921
SEC11A	0.40978867
PSD3	0.295271406
PSMD9	1.728384316
FAM3C	-0.10641547
KLHL15	0.055836617
DHX9	1.092312101
AP5B1	0.015823175
ABLIM1	0.805408665
OLMALINC	1.133912688
TMEM126B	1.596967817
TECPR1	0.069300835
SLC7A11	-1.280461447
DCAF11	1.051740645
RASSF8	-0.288141395
ATP6V1B2	0.049183382
STK39	0.346917194
RPSAP9	0.239914227
HMBS	0.863275638
MTCH2	2.185398976
ATP6V1C1	-0.084905643
CHMP3	1.065152103
GALC	0.06328837
FAM86JP	0.605674627
RIOK1	1.106063001
BRWD1	0.034602353
CS	1.596967817
KLF3	1.065152103
KAT2B	-0.015823175
MTRNR2L1	0.246626057
MCAT	0.605674627
PANK1	1.358608208
NBAS	-0.011244854
CBLB	0.816795124
SMPD2	1.051740645
SLC35E3	-0.295271406
MICB	-0.020447822
DESI2	0.281072224
AMPD2	0.851513651
KRTCAP3	1.038440013
CCDC174	1.205626048
RAB5C	0.960902148
NOP58	0.655299683
ARL6IP6	0.548717858
EID2	0.309224882
CUL7	-0.476975118
UQCRFS1	1.911465726
RABL2B	0.267114917
TOPORS-AS1	1.910134525
POU5F1B	1.932897564
C9orf69	0.567396147
PGAM1	0.401698455
COL27A1	0.253396545
TMED1	0.46833282
MXD4	0.494473687
STK17B	0.253396545
NCKAP1	-0.034602353
RNF14	0.324407457
ALG1L	0.188289768
APOH	0.84795373
WASH1	0.385718428
FAM58A	1.390840975
LRRC59	0.935894296
CCDC25	0.92354302
PIP4K2B	-0.020447822
KIF14	0.675718296
DNAJC7	1.051740645
BRAT1	1.11992945
RPE	0.828274229
MBD2	1.615203202
CCDC64	1.728384316
GPN2	0.494473687
PARS2	0.665467739
CAD	0.805408665
KIF22	0.771797224
MAP3K14	0.605674627
SLTM	0.362242871
MSH6	0.696469539
ESAM	-0.309715463
FBXO8	0.200855605
PNPLA2	0.1578427
APLP1	-0.887088443
YTHDC2	0.485688574
LGALSL	0.175946367
THOC5	-0.370002697
IER3IP1	0.960902148
IRS2	1.358608208
TMEM150A	0.038864585
TFDP2	0.548717858
KANSL1L	0.805408665
SLC25A38	0.615692971
PLEKHA8	1.065152103
PLK1	0.503330961
SLC44A2	0.393675188
KLRC2	0.481593028
GLO1	0.084905643
DAB2IP	2.113264639
TDG	-0.512260907
RBBP9	0.615439684
SLC6A6	0.10641547
PAQR5	0.207222756
SMS	0.339350517
KIF1B	-0.260226045
ARHGDIG	0.066049572
SH3PXD2A	1.250141017
PHACTR2	0.239914227
CCND1	0.302462635
COMMD3-BMI1	0.295271406
LRRC8D	0.385718428
RPS26	2.71969323
MRPL48	1.615203202
SNHG19	0.771797224
HNF1B	1.038440013
GLIPR1L2	0.675718296
SOWAHB	1.374653225
BRAP	1.390840975
GCNT1	1.848529634
PHC1	-0.260226045
NTS	0.344073364
SP4	-0.539491983
SH3GLB2	0.377827741
ZMAT5	0.494473687
DYNLL1	1.423652259
RIPK3	1.501084027
YWHAZ	0.696469539
PLXNB2	-0.728231854
CDHR1	2.461008238
PINK1-AS	-0.794114053
C22orf29	-0.220127185
CCDC137	0.100961789
USE1	-0.095559116
CUL4A	0.331847406
TARBP1	0.713909223
SLC25A3	1.670968287
SIPA1L3	0.385718428
RPARP-AS1	0.207222756
IBTK	0.069300835
TIMM13	1.615203202
FLOT2	0.426171731
PMM2	0.960902148
SP1	0.782910497
USP15	1.078675532
CDCA8	1.220337618
DDX18	0.635208497
XXYLT1	-0.03648693
HOXD13	0.256193727
RPRD1B	0.163822822
EXOC3	0.442827998
TOMM20	0.728231854
ZDHHC8P1	0.377827741
TTL	0.331847406
CASC5	-0.044275202
CAMK2G	1.220337618
FAM3B	0.761941485
NRDE2	0.10641547
IFRD1	0.385718428
NPEPPS	0.090207163
GPR75-ASB3	0.146044191
KCNK5	0.226665137
CTBP2	0.863275638
NXT2	0.339350517
GPC3	0.682006106
RBM48	0.675718296
IFNAR1	0.295271406
CSDE1	0.645213481
ZNF500	0.226665137
KRT15	0.503330961
FAM27E3	-0.146044191
FNTB	-0.128746135
FCHSD1	-0.006712594
TMEM186	1.14235016
RBP1	1.311311427
PPAT	-0.064198212
TRPT1	0.117477026
IGFBP3	0.655299683
CD81	0.58638021
AP2A2	0.494473687
TM9SF1	-0.034602353
TRAF5	0.794114053
CLRN3	2.235011688
PALD1	0.887088443
RPL17	0.760773468
GDA	0.749838479
HOXA5	-0.054139761
TMEM86B	-0.334980445
ZNF17	0.163822822
EIF3K	1.827988899
RBKS	1.561009921
PPM1G	1.311311427
SNORA71A	-0.095605545
C10orf32	0.451259743
JRKL	0.442827998
PACRGL	0.049183382
SCML1	0.567396147
NIPAL3	0.059144613
CPT2	0.485688574
RNF125	-0.309715463
PBX1	1.220337618
ACTG1	0.635208497
NME6	0.999191949
EMP2	0.948347016
TRIM35	0.576849674
SH3BGR	0.254374103
CLTC	-0.188289768
ATXN7	0.567396147
LTBP4	0.839846795
VIMP	1.869286406
LCMT2	0.044275202
TSR1	0.029837145
CXCL1	0.405430044
GPATCH4	0.706971566
RIOK3	0.07965427
SPDL1	0.182090425
ISOC1	1.11992945
UBE2N	1.890263587
SOD2	2.593490744
CHMP1A	0.494473687
GABARAPL2	0.324407457
RPL9	0.655299683
DRG1	0.100961789
ADCY3	0.213646504
KIF13A	-0.100961789
TBCD	0.400915555
NHP2L1	0.696469539
ZFPM1	1.250141017
TNFRSF25	0.104886189
OAZ2	0.100961789
MSANTD3	-0.069300835
ATP5A1	0.675718296
PDCD4	0.738991517
SNORA73B	-0.46816654
CTSE	1.633613171
DAPK3	0.169857272
ZBTB48	-0.207222756
CDC37L1	0.986323602
ARNT	0.354547841
C12orf10	1.374653225
FBXO25	0.794114053
FARP2	1.265235835
PAQR3	-0.605674627
SF3B2	0.828274229
WDR4	0.785995826
GMFB	0.169857272
MAGEF1	0.40978867
SLC22A5	0.324407457
CEP55	1.078675532
SYAP1	1.374653225
GFPT2	-0.543705439
TMEM237	-0.911292238
METRN	-0.020447822
ZFP1	-0.07965427
ATOX1	1.295819437
POLI	-0.53034089
SNRNP48	0.151916593
TK1	0.675718296
ARNTL	0.393675188
MAPRE1	0.451259743
INTS12	0.655299683
ARIH1	0.521264042
C14orf2	2.210047276
C10orf91	0.689100555
RNF157	1.106063001
METTL18	0.207222756
NCAPD3	0.253396545
CDR2	0.605674627
BAD	0.782910497
PSMA7	0.760773468
WWOX	-0.006712594
FLJ20021	0.529862719
PSMD12	-0.064198212
ZP3	0.362242871
LRRC8E	0.054139761
CPSF4	0.377827741
PEX5	0.169857272
VPS29	2.364922877
ARF6	0.362242871
YKT6	0.999191949
AIFM1	1.220337618
SEMA6B	-0.277564552
RPL23	0.213646504
LIG3	0.111920452
RNF111	-0.233260703
FRS2	0.029837145
ZCCHC2	0.084905643
SMARCC1	0.686052008
LRIG3	1.012166756
NUBPL	0.887088443
ZNF394	0.615439684
ZBTB45	0.816795124
TRIM2	1.078675532
CXorf56	0.494473687
NOA1	0.213646504
DPY19L1	0.246626057
NEIL3	0.194544719
RACGAP1	1.250141017
GMFG	0.569466887
ARRB2	0.851513651
OPA1	0.986323602
CANT1	0.760773468
MICAL3	0.339350517
PSMD10	0.370002697
MPP1	0.236565411
THNSL2	0.134459267
PUSL1	0.408998965
ZNF75D	0.40978867
EIF2B3	1.078675532
TRIM28	0.393675188
TIFA	-0.182090425
LINC00294	0.128746135
TRAF4	-0.274063521
PMS2CL	-0.100961789
HLA-E	0.417946278
HYLS1	0.074452762
CD74	0.741146028
DPM3	0.401698455
GAGE12B	1.274879008
SEMA3A	-0.064198212
CCDC117	0.020447822
UBE2J2	1.374653225
SSBP3	1.848529634
C9orf41	0.10641547
VOPP1	0.226665137
TBC1D12	0.794114053
OGDHL	0.620661368
MND1	1.652200557
ELP3	0.548717858
TLN1	0.064198212
ZFYVE27	0.494473687
FOSL2	0.605674627
SPRY2	0.760773468
GPR160	1.561009921
MCM10	0.020447822
KIAA1586	-0.485688574
USF2	0.816795124
FN3KRP	2.161057947
LEO1	0.851513651
NDFIP2	0.476975118
PHLDA2	0.284250617
CYB5D1	-0.090207163
SPN	0.512260907
DCTN4	0.558019062
TP53BP1	0.10641547
THAP9-AS1	0.226665137
PPP3CA	0.163822822
HHLA2	0.794114053
PPP1R14D	2.698763933
PLEKHN1	0.281072224
LSM12	0.999191949
FAM117A	-0.07965427
APIP	0.207222756
CGRRF1	-0.039414949
ZNF33B	0.53034089
GMPPB	0.828274229
GDAP2	0.92354302
CLCC1	0.595988334
TAP1	1.133912688
HIST1H2BH	0.050976564
GSKIP	0.875133612
LPCAT1	-0.128746135
GLA	0.362242871
SENP7	-0.260226045
ST3GAL4-AS1	0.146044191
SYT13	0.442827998
CLOCK	0.281072224
NPIPA7	0.576849674
NDUFA11	1.17657595
R3HCC1	-0.246626057
HAUS5	0.393675188
RGS14	1.543282177